species,accession,sequence_length,sequence_sha256
M. perniciosa,AF335590.1,1450,98497ef7b08dac1573702600414bdeef843504f983348eb0e48240e1c31ae5f7
M. perniciosa,AF490477.1,600,dc063f2c50ce62906d0017cf1df0d737fabf65fa6f1b3d784d9a529c161bf33f
M. perniciosa,AF490478.1,600,3eecc117d73eceebaed587b89e174b900966e8b3ee06415a8a0fad202a2d792a
M. perniciosa,AF490479.1,600,dbb68a671605c6671c6121c4e736e30b8b05b8a7e24df30b0ab939d01c8f72e1
M. perniciosa,AF490480.1,600,0b649c13888ccfa1355c6c2a6ac7021a21d1024e29db840df82b2ac87f9cae47
M. perniciosa,AF490481.1,600,fa1fabdc0854fe18b99cf7c7348db23a1270ec1183ab71b27741e40634bbd324
M. perniciosa,AF490482.1,600,fdfabb3070d3082aec13813ef8fc7f3ea733ac728f292e895f9ecde22a517cc2
M. perniciosa,AF490483.1,600,bbbca570b8821d6d9cb41cdc8510570fbc667f1f3315d8d51f6cbfcea46c5d01
M. perniciosa,AF490484.1,600,4c7c6cc4bb2b569f0f28c6aaadfc185785fca1cff4f71324a98ba90da0c336f4
M. perniciosa,AF490485.1,600,d8f0219258a950d92df8aeb0fecb64883c4fe166dd2995fb70e0223c0da10705
M. perniciosa,AF490486.1,600,ef60198204ff112609ce59a6d10e61ffdba6e3f248f2d4c2dc7448534d29deab
M. perniciosa,AF490487.1,600,1f20920b9b869801743f984b00ee83c622c97d589a92b1364baf3cc1c6ee4e21
M. perniciosa,AF490488.1,600,7fcffcfdc043135d457ab24e584be5a2444f532c5302461385fc566ac80b5897
M. perniciosa,AF490489.1,600,e40430806cace6a5feb3b62713050449985258f7b21b9fd7aa6b5b47c2f35e7a
M. perniciosa,AF490490.1,600,10e94ae82221091db6b202e5092f773258df4ddb18865fcd16d47f57f12e5d4a
M. perniciosa,AY176316.1,762,2083a9294e10179b04dc3a2a40d7d7d06c2f0e1a68cadea4fdfaac8978d5855c
M. perniciosa,AY216468.1,759,fa91d488a73c2a555ddf991026c0f6e07e819b2bcf567d38dbcf475621c191a6
M. perniciosa,AY216469.1,759,fa91d488a73c2a555ddf991026c0f6e07e819b2bcf567d38dbcf475621c191a6
M. perniciosa,AY216470.1,759,01d3d68717a06e33c876ede76b6cb4f11a54d35a298692b8591a004f859a2c77
M. perniciosa,AY216471.1,763,8a7f3b17b84680e8a115609ba3c654eaaecdfbcb35cde74625009728767bf10e
M. perniciosa,AY216472.1,763,8a7f3b17b84680e8a115609ba3c654eaaecdfbcb35cde74625009728767bf10e
M. perniciosa,AY317126.1,679,7978efeee1deb9f0a02bd50842f6a00c8af9cd066cd78f296cc53b823ec15c6f
M. perniciosa,AY317127.1,679,03255323f27b8c229c7f8699516e3a81fb5347345f9a589a08c226d9e0a38e71
M. perniciosa,AY317128.1,679,6ee80051721d2f5b3f823833d521029255e8e5409e11082fefe634f67148f4cf
M. perniciosa,AY317129.1,679,94d575cfc99b358fec46cc1d459adf3cfd60cec83b2247491d140f810a77941e
M. perniciosa,AY317130.1,679,d1452727039b9f69d403c802d8c4006fcc2c8762d47cf283888857fe7e66994f
M. perniciosa,AY317131.1,679,802b5a45dcd6e50f18d25f508b32b39c1a3de20590e8995894001b3f3b69e60d
M. perniciosa,AY317132.1,679,2964cc2c9270bc0a402b82585d35cac02f7c4359b0090af04c8845e525f3ceaa
M. perniciosa,AY317133.1,679,70ca4f0e14e71af75b4770e421bfddfb86f8713750c1d9cca7559d115e81a8fa
M. perniciosa,AY317134.1,679,566057b9563d4b05712f4097fbd8020c63a27bad0a8d8b9197fa2093be225298
M. perniciosa,AY317135.1,679,1138fe5247a891e201e7f8d9c893f02601f9c12448c93c5a901368a1b2324f90
M. perniciosa,AY317136.1,679,0a7179ef928abba7c4f6fc45ed353fb870d1507468901eab16cc556d0967a70f
M. perniciosa,AY753996.1,743,2b0d270ddda64b2b6bd2d8d2582e6fa5bb9d0a7c6f024c5c9b340322605d8f06
M. perniciosa,AY916737.1,1171,9637dbed8f49f4fb7ccddf9b05fd24a2e0b9a0bb2049be03ad031375a88884e2
M. perniciosa,AY916738.1,934,38757b2f13779d6e7d3d17f9d09939a93655b5c69442c1d294f2da4eb5630906
M. perniciosa,AY916739.1,1757,ffda395aba157ab373f3f30ae29f4477eb7f8ea3781a4d2e79886f1b081afbac
M. perniciosa,AY916742.1,1201,a87be86dfad7610ea080e95366b54f3c4804fc9af97a32e93f4520b6a92b5438
M. perniciosa,AY916743.1,844,6b223909b03d331fa206d6eeff6d8aa78d398306746fa917f4f2e6576878c6a9
M. perniciosa,EU047929.1,782,faaf6ca2566256ab5d5b47c375fb5583cd07bfa872f395ebc19659558f835b83
M. perniciosa,EU047930.1,736,c67803154399844efd3153cfbd297a898b68558c4cdb0b5f81054ecf85a4b068
M. perniciosa,EU047931.1,786,338fd6cabdd587aceb4521ed3a253e95e5e798bb246e2b319ba0f70ccd83e8b2
M. perniciosa,EU047932.1,783,385739598b750ac5a9d4d1907f763f151223f4743283e1a32127fc4738c80538
M. perniciosa,EU047933.1,775,d262afb9a93eaf799843427d30d1f56b23e882398e9800cb8358ec9dde92accc
M. perniciosa,EU047934.1,775,d262afb9a93eaf799843427d30d1f56b23e882398e9800cb8358ec9dde92accc
M. perniciosa,EU047935.1,785,c501eaa4309b016d3981f7f5fb592bff8dbc8d4da4752972cfca3dcdd2596580
M. perniciosa,EU047936.1,770,e03c85347f7e9eb03757881db88c606577d854ef73c857727a634975b9a80af9
M. perniciosa,EU861393.1,619,9f061ac70fcf30044b4c0a8464ff961fa25a15118467f43035864b5311682eed
M. perniciosa,GQ919080.1,832,b95b2c1bef731fe3a242c4e2c48484ee02c704b392d1d62662416764966085a2
M. perniciosa,GQ919081.1,921,3338e3708887469c7e8043387cc1812c2b726bac4f1c989ef1ca40a32b6565eb
M. perniciosa,GQ919082.1,794,23ade1006b40adb8b2af254915b8928a5ebd153bf1727afb52a2e58032ccc290
M. perniciosa,GQ919083.1,926,0bb71739546fbe76a233c8bde93ab321d9b1ad6fb221ac98123bf50a06c03a00
M. perniciosa,GQ919084.1,725,a1277ca892a0dc3da88fab32a98e4fc30e44b0bdb01d06a63ceccd8c64b479e6
M. perniciosa,GQ919085.1,928,112ad0d0dcf6d21323fb04d559c368fafc8453ac34a60d1588b6ed53674d45f4
M. perniciosa,GQ919086.1,926,7cc3a56a34faf354d8a5c83b1bb78787510dcb92a0ee126451adbc4a0ac02f3b
M. perniciosa,GQ919087.1,898,e4f5ea80fdfa71303216dd7bf0259b2522b7ae998524f767bcdaf67db6b7500e
M. perniciosa,GQ919088.1,896,cec7851bd2e295cef6bb015637951d82c29fe2b37483fef66fa5ee9fa0899139
M. perniciosa,GQ919089.1,904,2060c82f43ce5a123435d246bb1b19cc0232dc6f65b78c2eadedcc9f67222407
M. perniciosa,GQ919090.1,929,b6528389eb2abe7161d5b24f872a72c2ba4736573e8c13ecf9d7a19120dbb289
M. perniciosa,GQ919091.1,892,2b03697d757fc77e2df9caf574f3a3805bc1e43b816004f45602412b1a13e298
M. perniciosa,GQ919092.1,925,8b19fe8d2bd26d90d3e9d8547a2a5fcf257cf55151afdc9db3b1e58a56bd4894
M. perniciosa,GQ919093.1,666,1815cd3098fd2f9bb52ba1b94e5b6cc1189eb01279a5e1b68553f133f4536359
M. perniciosa,GQ919094.1,933,881cbf299437e21dc8d8c33d7ad0410a69b06720f57398b886f363b01f2cbaad
M. perniciosa,GQ919095.1,881,849829eb636beb39c0ab0cd67532cbf22dc55ea354a034e2c4d042ffbf67c686
M. perniciosa,GQ919096.1,895,9382e397908b5d6e15cfdd0516da1c8a88a71b8b5a6b1c024831bdd7f4bf67db
M. perniciosa,GQ919097.1,949,ee84676744570f07f5adc63943b3e3630066af5027311033ef011bb78ebce0d8
M. perniciosa,GQ919098.1,914,af43e03f0aefce96fa4e6e894885c10576bc5e1af04996c75e8b54dc1321769a
M. perniciosa,GQ919099.1,898,f6d4dd4f4adbed4f8675fcc15d1d4cf491267aefc1e9b9ee85c6cd5c9c96a303
M. perniciosa,GQ919100.1,909,38b2aec9885e065ce0618ea32ada52486482c76465db0ca51c4421a465707efd
M. perniciosa,GQ919101.1,765,01291d92d942bf919ea0b726dce6e6b5755dbf26625f9d51c9e9600332068d04
M. perniciosa,GQ919102.1,880,256c9e62d2d5be5e0571ec79a4c18c8ab9006b0b4d221a1e316955d7540a5b32
M. perniciosa,GQ919103.1,919,c84f019840939adfe6d943cd3624486ae2552b7230661f83831d1cdcb734867c
M. perniciosa,GQ919104.1,846,b666d0cbc20744e4f81d500ae8ec8ccd6bef711f81975f882236454169fa62db
M. perniciosa,GQ919105.1,790,35b9490e0710304b45efed1abfaa472acf52f839d1fe054988b069d56b6e6320
M. perniciosa,GQ919106.1,925,a775607aa4b60d18dcc377fbe3b5ec25a2f089688295526ae651177fe853baf5
M. perniciosa,GQ919107.1,923,e53a567c94a8a63ccdce4a77e2195888566409499b1e0e2837cf38f0d6a3a31d
M. perniciosa,GQ919108.1,911,8e27d88cf316b4a9483188d5d304705209b7b9fe9ebde7b71521f2d4839bfd6f
M. perniciosa,GQ919109.1,688,e583d30bc18aeeb50b270e40f878dc0c6711b9fae346f381940d043cd2dbc8b5
M. perniciosa,GQ919110.1,918,12c74414db85ab26349dea9f5effbd76b65a7857576f5f6a410f09d0cb64280d
M. perniciosa,GQ919111.1,778,3b3446ce44fca34007c7ed856e2309068c9b2a654c38754da742189ce5386859
M. perniciosa,GQ919112.1,979,a0e355bac628d98ec4faeb456d002b00696f5af1e545efa286a30c35fcdfba08
M. perniciosa,GQ919113.1,837,418dc08e72df205e1cf0e535a8c2744ad5a788b3eab7b3817c24848be759a644
M. perniciosa,GQ919114.1,973,654e9bfc2fda5424c34fd99d8bb6ef4db3a5d0434c5f685bd414df4dafec2cdd
M. perniciosa,GQ919115.1,998,d6775f25d7c44957833ae9dc956995ac61539313439da9dc2002b7cafe0fdfe5
M. perniciosa,GQ919116.1,695,de1d9c5f3e2ff761c649233c704df22d5f66390517134b89ec1bc6d0730d18b0
M. perniciosa,GQ919117.1,708,64be3c4048744d5b54606336ba75159c1de02edbb6e1c7afc91fb0bc3d0560ab
M. perniciosa,GQ919118.1,680,a1eafc06713e8bfdab88439df74c56227c86f0542a037933ec46fdf62eba9049
M. perniciosa,GQ919119.1,699,fa62e87913541153a213a6d41f1cc852912c4d17774ee7ea9fa03c0ae5ebe33e
M. perniciosa,GQ919120.1,701,53792d2c6abfbf87610006cdb0842ca013e4217160beb2f358723ef0990a96c7
M. perniciosa,GQ919121.1,774,bea8dc2aba32a6fd9b4a081504f9174fbc21dbd28d50e7049624d9e99a2c3426
M. perniciosa,GQ919122.1,708,0eeeed591fb47e4dd930157d35a9b097718a8b24f0f06803f899540b3618c0e6
M. perniciosa,GQ919123.1,676,cbd868166e331f1c7c91cb2fd4019d407f3c94d72b51f1a1405cd684c3781d29
M. perniciosa,GQ919124.1,703,eb3a8f5b5b687b61116125a94e390a807023294654b2831687f43b2cf26e349c
M. perniciosa,GQ919125.1,735,9f2bf08090e3eb60d75da7ba26333d389d6e612a26e0778bbc72cfd36d4efa16
M. perniciosa,GQ919126.1,709,fb76693717d28d8ba670187e5aaf427e8958a6376838dc6981a0f875e75592c5
M. perniciosa,GQ919127.1,701,c8d90f275f2ba92e387e8b1d4edeb93dc0a23c487850cae9c60f3070b98eecdf
M. perniciosa,GQ919128.1,692,365073d7227cb2c059d2c3c30cfb4605bb35e09cba9f18a88b108464036e2086
M. perniciosa,GQ919129.1,690,416a0319a832c9d3632793c72e8e66ac48e2425b8c50cd63c7d06fd08555fa50
M. perniciosa,GQ919130.1,694,441c56dadcc836b2dc9b44761c8b0dff2ea4d9d7c713bc3757f40550aea5e2ea
M. perniciosa,GQ919131.1,705,41919e49da2de3e8b2eb0591bf1a4bdefa174bcaaf9f171e67c68152aff03502
M. perniciosa,GQ919132.1,705,f6d9689cc2a3b3e1cd331c3197df4bb2715d8be0be9a369f06b577363a5a7efe
M. perniciosa,GQ919133.1,700,0b3cd2efd83fb0e76a40b95ad8c1d5b50035a833328813575b5f6ab3f9bba312
M. perniciosa,GQ919134.1,684,ce4daea7c3b975de67c78c766f5f7eeae5844670402c71d1fc0f47ce4bdb0f5d
M. perniciosa,GQ919135.1,708,38e684dca3879fb898d46fd698a8cfe78a6927f47ed300c540c0ea6f81a8d722
M. perniciosa,GQ919136.1,700,1ac85dabfe7ac602bff6b3cbce6cc5f0424f0666ae30279a3d8b2fa068c0115a
M. perniciosa,GQ919137.1,691,25c12d1607896edb474cdef492a0d1b992e1927e0fe2d37b7eb5294b9ae31299
M. perniciosa,GQ919138.1,707,a5ed0d688d2d75a120169f20ea908aed1e066e4b78e45ada0fe083ab1673e490
M. perniciosa,GQ919139.1,716,25618a87ddbc6fa0690a2aebd17ab4d9d34ed885a3c48916b50e5183ced766f4
M. perniciosa,GQ919140.1,701,72b5128f4bf9ac2aadcc2c55a63ffab535a255a68dd4909862b0d02d6061e3d7
M. perniciosa,GQ919141.1,698,dd19e6c3c875c2379bc93da576acf8557f1fbbf27ba38fc57e76589a9f928bb1
M. perniciosa,GQ919142.1,710,fff39a6b6fab1e87ba411a32ee3eea75cbfbba5bc88f98eb20b7ac8eea8e9eb2
M. perniciosa,GQ919143.1,708,df93275163f1129b3af07f172c3bdf9a120e45a6663a0070dbba5c04185a172c
M. perniciosa,GQ919144.1,693,73dff3dd54c4f6b0625e8ce5b97dde553ebdcd43807afebbb9633fdad68da698
M. perniciosa,GQ919145.1,715,154bf050b3851b1ffa89ca713ec044a8fbb1ddd5dd15dd459eebb2b118fee274
M. perniciosa,GQ919146.1,758,24cd9ff517d9246a645716c8ba454ebdd8abb1f691dacc3339afd109d6cc0a8f
M. perniciosa,GQ919147.1,700,04e19679a188932ff539f7250a7155397e18edb72fa0d50cde275756b2baaade
M. perniciosa,GQ919148.1,709,557f573d10a601c1863c4a02d1ed6cd008565337ab2052fc75fd9cd184174bda
M. perniciosa,GQ919149.1,711,2167539e0d2b53b0c0b398130c1f5fd029645b6c9a5f511e9b1885dcd98a3039
M. perniciosa,GQ919150.1,716,b8cf87a64fa407a95b660a300af3bf7802d6130e370b84761aa96176161d9488
M. perniciosa,GQ919151.1,684,09df40578870b3f141feb3c5988182b4308515f4913c8b43a07d52be52bd65f4
M. perniciosa,KX913222.1,564,a9a08c53bef349443b29ed3601a29e57a4cb7e40ff0ebd71d58eea4456780236
M. perniciosa,KX913223.1,650,e02ed425f7241829d30a47adaa3341666d297861e1accb5762621b791ef202f7
M. perniciosa,KX913224.1,637,98b10f088215e10a54563c1c68df4c88a09e67bbc1aec8ef46fd71ddaf058c86
M. perniciosa,KX913225.1,636,30234ea7276820b155ad8eec422f00227dbbbbb801f3057e8e34c0b3cae48240
M. perniciosa,KX913226.1,637,782d9274ab8ed38d08dfa5eabc49254a08e9c96d1bb604a91fd544788bf0f8d1
M. perniciosa,KX913227.1,639,6e22f47fbc98b47554bf3aea5a59f3d49e73ecd5c02f51a4bd232d4e17753217
M. perniciosa,KX913228.1,652,fbb06fe23bfdaa81707e082a0876601f358734d6ce5425f9d270931cb0b86243
M. perniciosa,KX913229.1,389,7545a7655625514c6fd61c746297fcbbeb52de4d1379672824a11ebce594cce7
M. perniciosa,KX913230.1,641,875ae84da04cdb2a860e22cf591b47bfe4d9bb62ed49b8316e018bb0f0364dd6
M. perniciosa,KX913231.1,701,ade78f89449df9d12ea2b24ab429a5a8b8f85bb3fd0480c0394ca543ed7ef0d5
M. perniciosa,KX913232.1,716,fade085f645656ba8bd65cff78fc109ca2ff909b155f8eca58e2cc35a22acc0e
M. perniciosa,KX913233.1,661,efa983ca0425f694cf81e5d2edf72125560cc74976dc64e307911f1d7a3bd809
M. perniciosa,KX913234.1,643,1886623dfc76f58ad6391481349eb4c03f1650c4973d0de6f01f538c0eb42b78
M. perniciosa,KX913235.1,715,936048dc5246ae40dbf29f6efc56b5a5ab0306ed4bf9d3b4314adf6fb9f51252
M. perniciosa,KX913236.1,647,9de90b54b8d890013fdb9dd04e0adb4d03ec2cf81cdfd39dfb78256c2b66c033
M. perniciosa,KX913237.1,703,f75b30d88671b1e9b804a1386a84e0f8270e01f6bfee36a47e22e56bbddb7715
M. perniciosa,KX913238.1,711,1e0ebc3590246b9417cf3d193d82712f0ef8a904e35d7fbe382373d27308865c
M. perniciosa,KX913239.1,662,7c5f218720b2adbea3ddddb88a2917cc2cb83faecd9bf053fbdd0760066bf488
M. perniciosa,KX913240.1,659,2e90eccfc9a34e478a4ae55955d4789b4b54705bfc458014b5d43bc935e08d7e
M. perniciosa,KX913241.1,662,9af8983657b32bd46d378526ade8448b73336f82e8864d66c335eab9d1709a4a
M. perniciosa,KX913242.1,663,802eb745eb31254b4fbd0dfeaf4b1abf7433b5fc84832c53f923204c7c1ddee2
M. perniciosa,KX913243.1,707,f2e97db1799e760574f5808736e776468c08f3f14f3ee034756177bce7b538ee
M. perniciosa,KX913244.1,680,43ee2c4d605359055c2cf5bef3085a10b298bade7ecf96030ef8201b9110ed7e
M. perniciosa,KX913245.1,663,f06222e86bb1cc8123280b81b2fd050e30e33fb45570908413ac6c2b40da7db1
M. perniciosa,KX913246.1,706,ed6ca0746a62e8e44c4abd89dd9bcfdcc1019f372f55a388bbba4329045c7c4a
M. perniciosa,KX913247.1,671,1283153458e7186df8967a3a2b7146e1d6fbb11f92f15c6609ddca7c4ef6d798
M. perniciosa,KX913248.1,691,f09c7b6e04fd6525d46d4e7da2bdb9f73c9ff97989db6631d9896abf4a8ccbe8
M. perniciosa,KX913249.1,712,4c430a121137bd34a68055bd00f66b5b7dd81eb1b1e5fac22861e23fd5f94f88
M. perniciosa,KX913250.1,703,afb85edfd942757a11cedbae9e43ee582856001740b11f8b06fcb6684337f46e
M. perniciosa,KX913251.1,517,4f4aba583be0ec8e417d28ac08e51ba6984007ff062c4cd7ef0edd6b87ef3142
M. perniciosa,KX913252.1,701,0eed368089d4c278d6303c53c55c85801b3624257de61a0671a7508357a46dab
M. perniciosa,KX913253.1,655,a43782e567e2fc99b053197ba32b41fcbf32bcf6a582e36917a9720ac44e1016
M. perniciosa,KX913254.1,628,657a3732dc76d9564f3262647c2205eaeca0cb0b997471f4af47a97bd0b567b7
M. perniciosa,KX913255.1,599,931ec23e699365f689fac415d29cfe2f213d8dc552461bb8aa37906946e015e3
M. perniciosa,KY081760.1,657,5cd02c46e61d3bffc1cd048cd8c0a66af4083476377026ff2a1d7c4cb4eded8e
M. perniciosa,KY081761.1,657,dbed5439f7b6a5c2514c0572e8aae3b3ce3c67a7c6b59ca083e00178b8ff434c
M. perniciosa,KY081762.1,661,4fd7a789f3defc2fa3b07b7f1365cef976e0e8768b224ff00bec3fc5f714245a
M. perniciosa,KY081763.1,661,4fd7a789f3defc2fa3b07b7f1365cef976e0e8768b224ff00bec3fc5f714245a
M. perniciosa,KY081764.1,660,9ee9b579ecae3ddc4a0708556363a958fb0b2e37ce47d0cd2f92384bb185c478
M. perniciosa,KY081765.1,661,9a3914411f84a1d4dd5fa12c971952186f1ad40548b91bdec87217a3fa49c504
M. perniciosa,KY081766.1,661,c7703456eaf8eaa72b029febd1a0d9dfc64bf448ff1c6f7340e1b55ced67b497
M. perniciosa,KY081767.1,696,67306f8934e74a3aae0c89d6bf354ab51ef024fe8298464c6b4f95b7710afe59
M. perniciosa,KY081768.1,672,745d29c5d72185cd8cc046a56e3bc6fc2b4ac1e22f991422870f8b65e5885f5e
M. perniciosa,KY081769.1,660,98b45e55edd0e3c7baff379f73232db3799e9623c26363b9fff624e9eb4e7856
M. perniciosa,KY081770.1,657,2d53e0866193f2f9de5c8100a5b6152bf158da66ce43e5f3b8e2b313ef9ce2b6
M. perniciosa,KY081771.1,657,dbed5439f7b6a5c2514c0572e8aae3b3ce3c67a7c6b59ca083e00178b8ff434c
M. perniciosa,MF495374.1,649,6ace06d1c06a9599bbcf3c670a1e7eed8c553cbabd326d45a65c030e00043b00
M. perniciosa,MG717342.1,1106,49589ec58cb73bf5a44ff3484886dba5f9ff70acf2321c63337b727ff23013f7
M. perniciosa,MH856652.1,750,605031829013f99f4f70ef35f27eefabd3d7ab1c2524d56e399d9970e46ecca6
M. perniciosa,MH861049.1,746,ac6772cf021b01750cba202d43c680ba3f407e0dca9c528e32768f39f9878bbf
M. perniciosa,MH868165.1,848,7352722b249068b806a002fa5848c5c79429896c378108161bc0ebf6b0a2d924
M. perniciosa,MH872817.1,918,b9dc8408c071e7fa2b4f11428e603b1863a1bed143334e8ea983edc6b686b515
M. perniciosa,MK785139.1,712,726bf9e47df36ef2ec5dc30e26c76cd39946d8c9ef37343d8ce1f248ffc29608
M. perniciosa,MK785140.1,745,2e317dfcddfddc154d675957b1d38edcf41fdae9362a6541b937d507a7c3599d
M. perniciosa,MK785141.1,734,28dd5ac70366d684467baac278b01a598e7f3a70f07ff2c3e47534e840f5d38d
M. perniciosa,MK785142.1,735,cb094d4f461c2103f92d7ba35386932c54c1578ec9d24636075a19bfe8cd8679
M. perniciosa,MK785143.1,733,80f8fc4abb570d5bd9974e4a42d1b544d276bebc60cfd3d9219b5ff92cc2e1af
M. perniciosa,MK785144.1,737,73b4c1bc02a10680be2d4dfd46be69678b57a3a32c7304ef5d8b93994ca7acdd
M. perniciosa,MK785145.1,549,d7e4df625e33a4a93ea9828d7f311d55439a14caadf1e4027edc7405481ff4a8
M. perniciosa,MK785146.1,755,9dd7a6407137bd85d1b6ddf88a449275f0b2641a07e1133d405a468ce635bdb5
M. perniciosa,MK785147.1,735,8f408d2feac95140ed30bcaba73fc9d0e90b5bd98ee616669a5b3e185955a6d4
M. perniciosa,MK785148.1,746,06328629014543f3e531aa8dc08c5ac25b78cee422772ea6c987bd36ab80e771
M. perniciosa,MK785149.1,757,6510b53e32af994fe3b27aeb0d69488dafdc824eb5d5236bde1bc00d5a2c35b4
M. perniciosa,MK785150.1,766,353c8aee06e98b5eb98e3a1220a29fe5af3c23e907b29208b1b2301976177df0
M. perniciosa,MK785151.1,763,0ea6f64d2a00e0a529a001bf19ed0b871314aeb5ff420d0e7bb0885eae94b359
M. perniciosa,MK785152.1,763,66cf5bba3ac925f3b98d5689b3169b8d2247f70592a6ed4cd70b81540fb6fe90
M. perniciosa,MK785153.1,743,4b6331f3204cb6640ebe7bde67fc869bd9a5f2bbed6fef9ba7542b6da753d4c3
M. perniciosa,MK785154.1,765,9889ab891e4f7765a1152234980ce1239a0011d2fcd4dbcc3108011d3bd31740
M. perniciosa,MK785155.1,749,d4f8df9e3ba4c6e38b86d4df1670b0d4209f4cd3d202f9463166f43a24581bb6
M. perniciosa,MK785156.1,749,67daa548e7198c6e4f902af3fd1f17ebd13a1bd8a93014f5be4b281119970f6d
M. perniciosa,MK785157.1,746,682302b8c7b3a122319d39d968163b15328549bb968b026778c107388d79a1ef
M. perniciosa,MK785158.1,751,da4c2c11d838a7517b9841e1d7a1abcb7ca4b0ff28c5e2a792ae886c8524d36a
M. perniciosa,MK785159.1,488,e700e46473fc00898892f0ba037c88bb08c88d464cccc6dc55627fcd8ce8ebaf
M. perniciosa,MK785160.1,688,010bdb417d1ab6d51d48fd845512c0bd9fdabc6255dab3bf656bbed022030cfb
M. perniciosa,MK785161.1,739,8b98e907a7f132da62bec13aebbf3c53b9439bc15d202afe96ccb521dd5b87d1
M. perniciosa,MK785162.1,704,5af67a6ce3f30c2b7479549f23c67d9acbcd02c1ec9b946c9161fe50f0aa9b3c
M. perniciosa,MK785163.1,749,d40d5c43cf344d7a0ae6887bf6d4a7de254fd43646ced2ede67f520e5866d15e
M. perniciosa,MK785236.1,878,54a488cef8079978d07fe75edf51c87f3669ad0db8d82fd01bbb5461462c9f93
M. perniciosa,MK785237.1,876,c5cdfb10b0de438d8df291e755f0506bec6f4cca0b7125f657567559b471057d
M. perniciosa,MK785238.1,869,6199526c669ea96772e9c46deb13ae463e957c19458dad3f9a5fe95f398623f7
M. perniciosa,MK785239.1,873,285e26a565aaa66b2ec65f03b9d74b166349b4dd8ae6a35a7ec8660ef9ef5c11
M. perniciosa,MK785240.1,878,5544dfa7b150680ee24e6a2034d51a4928d7668437f73fc1c7823daf9efc6c66
M. perniciosa,MK785241.1,875,45fc2343cb8ba4ed98cc214ceea2eba269b53ecc58c592ab2480c0f46203d408
M. perniciosa,MK785242.1,882,6cb19c554c1522c67626172a8968311aed64a8ff81e6ea8ef517228108aed9e3
M. perniciosa,MK785243.1,872,49d3d9511204cfbad556ca52ca40e08bf9992a077e31851d8f650fad35c4e9d2
M. perniciosa,MK785244.1,871,00d623c4d75377178667c7fdd404c55b7e95a8e9fab42dfc643106ef80c55976
M. perniciosa,MK785245.1,874,f3510599f3ec7f5df9a18241cb34b8ec0743392cba3bb36d562b77377bd61ef6
M. perniciosa,MK785246.1,878,5544dfa7b150680ee24e6a2034d51a4928d7668437f73fc1c7823daf9efc6c66
M. perniciosa,MK785247.1,878,5544dfa7b150680ee24e6a2034d51a4928d7668437f73fc1c7823daf9efc6c66
M. perniciosa,MK785248.1,875,ad8a0b4646a0e545731636bcaa07557fc2970b1a69c55601c2894a9d3bbab2ea
M. perniciosa,MK785249.1,877,4d1ff1336f13603086ac8a08d77029e9abd0497ef9340738d1145f67d5dc2cfe
M. perniciosa,MK785250.1,876,b2d63a789812b6a7cff68ba75d2112c825ebe095e72e8c98425c760c84111ad1
M. perniciosa,MK785251.1,871,d77fcdc3036e263be5e92cd50f78f29e79fdc954083266b8699e99897bb3290b
M. perniciosa,MK785252.1,873,346f10a5a1fd5bc6806e8b7d5525bd725d785a6086ace5f575e4b3f7afe4eec1
M. perniciosa,MK785253.1,878,2ecd55bd59e317ccbbad3a756b5c74547e699e3faca9bbefec32bd8f22f27fa2
M. perniciosa,MK785254.1,876,b2d63a789812b6a7cff68ba75d2112c825ebe095e72e8c98425c760c84111ad1
M. perniciosa,OM056947.1,665,4cf5440baf411cb270ebe71dad9397b2c3b233bf919d2851c6f9d190c7f0cbbc
M. perniciosa,OM777731.1,728,0edfb5acbcc96e00f8ef5b682d02ddf17cdd3ae5ae91de36ca280b8a8e68a099
M. perniciosa,OM777732.1,500,88730827123e60592bd657f714fdbf5f31f73f2d41ffe53193464dfda7e6d72a
M. perniciosa,OM777742.1,673,1808dfdf7dab42f62b0e84804c10ff07ffe910098d5ead2191d444a41484d004
M. perniciosa,ON692937.1,749,206797c2cb99d91161bb0e5303892c38ddecff0306b310a87257f3bd99b19932
M. perniciosa,ON692938.1,749,aed3b5ce780c8654b393fccace3805b44ff1e0dd646e8a846a451731951e0658
M. perniciosa,ON692946.1,738,d1618639d9a527a75f800b7303619facd1623ddb5b7a60e470cf9e5640ddb220
M. perniciosa,ON692947.1,728,e9070ffabc18cce545fb3d549a626da65108556019c47ea4cbb149d91a8d7a4b
M. perniciosa,ON692948.1,680,40ccfaa4f8a71fdfa4a28b615e9e1a125e389c971f7edba919f31bf541f24263
M. perniciosa,ON692949.1,740,28748888c069f6f34f45d916d8c7f4f9d6cc47474bbe0bc51fb7cc1a77b8e606
M. perniciosa,ON692950.1,695,200b734218449b06e43fd66660954b0fc9068f7cefc5e0debd690a38243a9219
M. perniciosa,OP651765.1,683,3f049f5c694e1926a7a674a49e64bfb2395252a9ac616dcc47594f85607e6eb7
M. perniciosa,OP937176.1,867,c0a930b3a8299927b4b84c7eadb7cd94beb059dbe7fca002d2ce21edf47016d2
M. perniciosa,OP937177.1,868,9dc3f2daed1c521e7837a6dc274d5e74d3c4d4e4b9e59cf1929fa741638ffb40
M. perniciosa,OP937981.1,699,7edabf92f5e6d4eddb5fbe780009ced1f6b369645887013abf748709f5495f43
M. perniciosa,OP937982.1,698,3f9557369e42b1841f8cfc569317150e263410d61b793eda6d72feface141c65
M. perniciosa,OR225508.1,914,fe39b746b07fed724baeb1d3f919c9feb36518a00e02ad614d87aadf07eafdfa
M. perniciosa,OR225509.1,913,5cddf7fd46aa96e8131b49390e19029359f0978024a7bfed6c7ca5eb9fa9c62e
M. perniciosa,OR225510.1,911,3f66768067dc60ddc07e40db8f8ca62d413b0218228e8de22a20f821f470aa14
M. perniciosa,OR225511.1,914,f1fed60b537ea71d5d3ac2b21d6afc88ee0537dce087be8675d9ed5af7d708c2
M. perniciosa,OR225512.1,875,159a41568fe38ca54ccda54a192c2f931fd8844685a7c7e634afc5f90d5b551e
M. perniciosa,OR225513.1,914,feea2c3322398db3fd8f0a4e7c90073fb6b90538a8f71d970d7a5f89ee9f1797
M. perniciosa,OR225514.1,874,d2280a64ba22e07f99fe83fdfe2fc311c4553cb2230b9abb29e02ff5363ac335
M. perniciosa,OR225515.1,871,db04816808f6bd9213657016c551bd3e4584df3094cfc7029a616ddf1046e60a
M. perniciosa,OR228890.1,678,2fe7074d1e843e1cb35018f2c4941d69a1eaed63cbff0b5c49819ddc94df8de3
M. perniciosa,OR228891.1,678,2fe7074d1e843e1cb35018f2c4941d69a1eaed63cbff0b5c49819ddc94df8de3
M. perniciosa,OR228892.1,678,88ac613b7be9904f819de3e6a34728c0eb8000843f4b932ef6a4b632f990524c
M. perniciosa,OR228893.1,680,07e4bfe0f318b13663ee3ad6ab998507c5170c99fe19b6cb796afc5ee3280b68
M. perniciosa,OR228894.1,679,b99f833e93320182cafe10e7737043aedebe3e9547673f9b2546fd7fcb4689df
M. perniciosa,OR228895.1,680,07e4bfe0f318b13663ee3ad6ab998507c5170c99fe19b6cb796afc5ee3280b68
M. perniciosa,OR228896.1,680,07e4bfe0f318b13663ee3ad6ab998507c5170c99fe19b6cb796afc5ee3280b68
M. perniciosa,OR228897.1,680,07e4bfe0f318b13663ee3ad6ab998507c5170c99fe19b6cb796afc5ee3280b68
M. perniciosa,OR228898.1,680,07e4bfe0f318b13663ee3ad6ab998507c5170c99fe19b6cb796afc5ee3280b68
M. perniciosa,OR228899.1,680,07e4bfe0f318b13663ee3ad6ab998507c5170c99fe19b6cb796afc5ee3280b68
M. perniciosa,OR228900.1,677,9c1af25ee4269eb03aefce5237b153941f7122a37e96c5c7c0f83b948c87f4f7
M. perniciosa,OR228901.1,677,75cc774197247ba2023a72e0c02e884ccd6eac8ef793f7bfe14c418b1f6aef82
M. perniciosa,OR228902.1,677,876ef1479b1226f1bf967588f6d308a7524a21125f6c514e6fa43881c317b607
M. perniciosa,PP267399.1,702,c03a0e08838bf78a98bd511317dcab7598951d1a63b178fb75d56f87b010005d
M. perniciosa,PP267400.1,677,8002b7064d08146798e41935ab0a15d159622c25c3c46f7856f13c2da98cff63
M. perniciosa,PP267401.1,681,2aff8d10a72cfd4d700a6f06a2154229663a792ad86194991a086e045b9a0ba5
M. perniciosa,PP267402.1,712,187d7d13034c160d1295b87c30c11ede03a92e0b03fb3aeefa67e012e7c47dda
M. perniciosa,PP267403.1,712,187d7d13034c160d1295b87c30c11ede03a92e0b03fb3aeefa67e012e7c47dda
M. perniciosa,PP267404.1,712,187d7d13034c160d1295b87c30c11ede03a92e0b03fb3aeefa67e012e7c47dda
M. perniciosa,PP267405.1,674,f8319be6d4e2ffbf8e18dfd941876101dbef2dcf0e24bde08a669962aea5a734
M. perniciosa,PP267406.1,712,187d7d13034c160d1295b87c30c11ede03a92e0b03fb3aeefa67e012e7c47dda
M. perniciosa,PP267407.1,712,187d7d13034c160d1295b87c30c11ede03a92e0b03fb3aeefa67e012e7c47dda
M. perniciosa,PP267408.1,712,187d7d13034c160d1295b87c30c11ede03a92e0b03fb3aeefa67e012e7c47dda
M. perniciosa,PP267409.1,697,b074dfb18bc5eb09b61c218981423db6cbb45574015d090b9356308d549cfa72
M. perniciosa,PP267410.1,678,5e4c7ebb2bbd6d3c2a109dde9ef755cfc1186b897227c7b6b8d2f1542a1a19b5
M. perniciosa,PP267411.1,643,d9bcfce52e5e1ef1595a42cc4e5a55f007af607a096f5e026415e678d5424b43
M. perniciosa,PP267412.1,626,63b5211e55cd4c564ea0a3d0a71ba4e2edccee7f5355360401ba39981c3a9741
M. perniciosa,PP267413.1,681,2aff8d10a72cfd4d700a6f06a2154229663a792ad86194991a086e045b9a0ba5
M. perniciosa,PP267414.1,670,9e69119db9ec32fdc5fed674469d643bf1f7defffffd40c1f383293aff549115
M. perniciosa,PP267415.1,712,187d7d13034c160d1295b87c30c11ede03a92e0b03fb3aeefa67e012e7c47dda
M. perniciosa,PP267416.1,712,187d7d13034c160d1295b87c30c11ede03a92e0b03fb3aeefa67e012e7c47dda
M. perniciosa,PP267417.1,712,187d7d13034c160d1295b87c30c11ede03a92e0b03fb3aeefa67e012e7c47dda
M. perniciosa,PP267418.1,712,187d7d13034c160d1295b87c30c11ede03a92e0b03fb3aeefa67e012e7c47dda
M. perniciosa,PP267419.1,712,187d7d13034c160d1295b87c30c11ede03a92e0b03fb3aeefa67e012e7c47dda
M. perniciosa,PP267420.1,712,187d7d13034c160d1295b87c30c11ede03a92e0b03fb3aeefa67e012e7c47dda
M. perniciosa,PP267421.1,712,187d7d13034c160d1295b87c30c11ede03a92e0b03fb3aeefa67e012e7c47dda
M. perniciosa,PP267422.1,712,187d7d13034c160d1295b87c30c11ede03a92e0b03fb3aeefa67e012e7c47dda
M. perniciosa,PP267423.1,712,187d7d13034c160d1295b87c30c11ede03a92e0b03fb3aeefa67e012e7c47dda
M. perniciosa,PP267424.1,712,187d7d13034c160d1295b87c30c11ede03a92e0b03fb3aeefa67e012e7c47dda
M. perniciosa,PP267425.1,712,187d7d13034c160d1295b87c30c11ede03a92e0b03fb3aeefa67e012e7c47dda
M. perniciosa,PP267426.1,712,187d7d13034c160d1295b87c30c11ede03a92e0b03fb3aeefa67e012e7c47dda
M. perniciosa,PP267427.1,712,187d7d13034c160d1295b87c30c11ede03a92e0b03fb3aeefa67e012e7c47dda
M. perniciosa,PP267428.1,712,187d7d13034c160d1295b87c30c11ede03a92e0b03fb3aeefa67e012e7c47dda
M. perniciosa,PP267429.1,712,187d7d13034c160d1295b87c30c11ede03a92e0b03fb3aeefa67e012e7c47dda
M. perniciosa,PP267430.1,712,187d7d13034c160d1295b87c30c11ede03a92e0b03fb3aeefa67e012e7c47dda
M. perniciosa,PP267431.1,712,187d7d13034c160d1295b87c30c11ede03a92e0b03fb3aeefa67e012e7c47dda
M. perniciosa,PP267432.1,712,187d7d13034c160d1295b87c30c11ede03a92e0b03fb3aeefa67e012e7c47dda
M. perniciosa,PP267433.1,712,187d7d13034c160d1295b87c30c11ede03a92e0b03fb3aeefa67e012e7c47dda
M. perniciosa,PP267434.1,712,187d7d13034c160d1295b87c30c11ede03a92e0b03fb3aeefa67e012e7c47dda
M. perniciosa,PP267435.1,712,187d7d13034c160d1295b87c30c11ede03a92e0b03fb3aeefa67e012e7c47dda
M. perniciosa,PP267436.1,712,187d7d13034c160d1295b87c30c11ede03a92e0b03fb3aeefa67e012e7c47dda
M. perniciosa,PP267437.1,712,187d7d13034c160d1295b87c30c11ede03a92e0b03fb3aeefa67e012e7c47dda
M. perniciosa,PP267438.1,712,187d7d13034c160d1295b87c30c11ede03a92e0b03fb3aeefa67e012e7c47dda
M. perniciosa,PP267439.1,712,187d7d13034c160d1295b87c30c11ede03a92e0b03fb3aeefa67e012e7c47dda
M. perniciosa,PP267440.1,712,187d7d13034c160d1295b87c30c11ede03a92e0b03fb3aeefa67e012e7c47dda
M. perniciosa,PP267441.1,712,187d7d13034c160d1295b87c30c11ede03a92e0b03fb3aeefa67e012e7c47dda
M. perniciosa,PP267442.1,712,187d7d13034c160d1295b87c30c11ede03a92e0b03fb3aeefa67e012e7c47dda
M. perniciosa,PP267459.1,1026,a203119474229282f4274e9f8f14de7e4fd0733486a8dec6706c78dc8fee5f2b
M. perniciosa,PP267460.1,1072,a78b2a99155483d90a44d61be090f987837506be7c43a515183b88fa9c21d94e
M. perniciosa,PP267461.1,1640,f02da9def8afaac473643991dd5d14e45825b23b6ebcedda696775ec9b4346f2
M. perniciosa,PP267462.1,1658,621b998a013d094f46675d2b922624892edd5e98dd5a34534b0a8ae10c42b5d0
M. perniciosa,PP267463.1,1658,b35ae2141b54fe696d1e13722fb42a671c6242e1e5e8e07be2b5d043996401ff
M. perniciosa,PP267464.1,1658,621b998a013d094f46675d2b922624892edd5e98dd5a34534b0a8ae10c42b5d0
M. perniciosa,PP267465.1,1658,621b998a013d094f46675d2b922624892edd5e98dd5a34534b0a8ae10c42b5d0
M. perniciosa,PP267466.1,1658,621b998a013d094f46675d2b922624892edd5e98dd5a34534b0a8ae10c42b5d0
M. perniciosa,PP267467.1,1658,621b998a013d094f46675d2b922624892edd5e98dd5a34534b0a8ae10c42b5d0
M. perniciosa,PP267468.1,1658,b35ae2141b54fe696d1e13722fb42a671c6242e1e5e8e07be2b5d043996401ff
M. perniciosa,PP267469.1,1658,621b998a013d094f46675d2b922624892edd5e98dd5a34534b0a8ae10c42b5d0
M. perniciosa,PP267470.1,1658,621b998a013d094f46675d2b922624892edd5e98dd5a34534b0a8ae10c42b5d0
M. perniciosa,PP267471.1,1658,621b998a013d094f46675d2b922624892edd5e98dd5a34534b0a8ae10c42b5d0
M. perniciosa,PP267472.1,1658,621b998a013d094f46675d2b922624892edd5e98dd5a34534b0a8ae10c42b5d0
M. perniciosa,PP267473.1,1658,b35ae2141b54fe696d1e13722fb42a671c6242e1e5e8e07be2b5d043996401ff
M. perniciosa,PP267474.1,1640,f02da9def8afaac473643991dd5d14e45825b23b6ebcedda696775ec9b4346f2
M. perniciosa,PP267475.1,1658,621b998a013d094f46675d2b922624892edd5e98dd5a34534b0a8ae10c42b5d0
M. perniciosa,PP267476.1,1658,621b998a013d094f46675d2b922624892edd5e98dd5a34534b0a8ae10c42b5d0
M. perniciosa,PP267477.1,1658,621b998a013d094f46675d2b922624892edd5e98dd5a34534b0a8ae10c42b5d0
M. perniciosa,PP267478.1,1657,4dcaf59546d949b2b2f6dd5f2c26a37f62a9d30115da5dcee4668c836631ba35
M. perniciosa,PP267479.1,1658,621b998a013d094f46675d2b922624892edd5e98dd5a34534b0a8ae10c42b5d0
M. perniciosa,PP267480.1,1658,621b998a013d094f46675d2b922624892edd5e98dd5a34534b0a8ae10c42b5d0
M. perniciosa,PP267481.1,1655,7a9820d7bd9a7792317f4dd4ff7093d0e2902ff54f01c4b0e4fd2630c01a9b0f
M. perniciosa,PP267482.1,1654,68bf44fb467d37685add67c6641bb235bcf6ed34a17924c82bbe6fa330859ded
M. perniciosa,PP267483.1,1658,621b998a013d094f46675d2b922624892edd5e98dd5a34534b0a8ae10c42b5d0
M. perniciosa,PP267484.1,1658,621b998a013d094f46675d2b922624892edd5e98dd5a34534b0a8ae10c42b5d0
M. perniciosa,PP267485.1,1607,a87d9c0c9d063320fd7402dbfb80fb5324295cd0074e95b6b839bf3fc5389b25
M. perniciosa,PP267486.1,1658,621b998a013d094f46675d2b922624892edd5e98dd5a34534b0a8ae10c42b5d0
M. perniciosa,PP267487.1,1658,621b998a013d094f46675d2b922624892edd5e98dd5a34534b0a8ae10c42b5d0
M. perniciosa,PP267488.1,1637,1d135879b423bb56df929747cd75123c2c6b30d60f29621a12625e0c2374a43c
M. perniciosa,PP267489.1,1645,1305e1875f40b42840305054d18d2a461b83fa66bad9dcbe3cfba1be9d836d37
M. perniciosa,PP267490.1,1651,6092de5efb479648d3a35be5f2b5a461f6b93abd2b9fb28ec9aa7dbe2ddd54b3
M. perniciosa,PP267491.1,1657,4dcaf59546d949b2b2f6dd5f2c26a37f62a9d30115da5dcee4668c836631ba35
M. perniciosa,PP267492.1,1652,5e00fa5255e5d303f984d46cf4146f1170a17ee0f0f627b613c05e3be4d0f2a7
M. perniciosa,PP267493.1,1652,5e00fa5255e5d303f984d46cf4146f1170a17ee0f0f627b613c05e3be4d0f2a7
M. perniciosa,PP267494.1,1202,33e343302045f3d932aba63d749a2f4f68a0076d6ddaeb66f661500fdd61ad51
M. perniciosa,PP267495.1,1657,4dcaf59546d949b2b2f6dd5f2c26a37f62a9d30115da5dcee4668c836631ba35
M. perniciosa,PP267496.1,1658,621b998a013d094f46675d2b922624892edd5e98dd5a34534b0a8ae10c42b5d0
M. perniciosa,PP267497.1,1652,5e00fa5255e5d303f984d46cf4146f1170a17ee0f0f627b613c05e3be4d0f2a7
M. perniciosa,PP267498.1,1123,75ac9e9d9210b8acd46ce048fb32ed537f2581466aae9770823dd81fe00299b3
M. perniciosa,PP267499.1,1657,4dcaf59546d949b2b2f6dd5f2c26a37f62a9d30115da5dcee4668c836631ba35
M. perniciosa,PP267500.1,1642,e7fa4eea18bcdfd049f81b46cb5c61f1bd23818a0d220d678e42246e3fb9aded
M. perniciosa,PP267501.1,1511,900f4443bae01e2f2815835a6f199c8588e074fe6a19dda0f4e1010295d256ab
M. perniciosa,PP267502.1,1651,6092de5efb479648d3a35be5f2b5a461f6b93abd2b9fb28ec9aa7dbe2ddd54b3
M. perniciosa,PP267507.1,872,2ae3e327f5119388da9eadab5da28c94e4a06e001dc75f13d641210835ab5b63
M. perniciosa,PP267508.1,872,2ae3e327f5119388da9eadab5da28c94e4a06e001dc75f13d641210835ab5b63
M. perniciosa,PP267509.1,871,a391903ae395d171277ec3108ef337d889c83d376875ba23904b33611ecb65ae
M. perniciosa,PP267510.1,867,03e5177489a772647c4d617b41e00fdb3459c85b6e61ee8fe0187c45f5a79ccf
M. perniciosa,PP267511.1,869,588cb5461bf62cb01efeabe1667c9c9a7aca0a773872970ada88d0adc1e827f0
M. perniciosa,PP267512.1,872,2ae3e327f5119388da9eadab5da28c94e4a06e001dc75f13d641210835ab5b63
M. perniciosa,PP267513.1,872,2ae3e327f5119388da9eadab5da28c94e4a06e001dc75f13d641210835ab5b63
M. perniciosa,PP267514.1,872,2ae3e327f5119388da9eadab5da28c94e4a06e001dc75f13d641210835ab5b63
M. perniciosa,PP267515.1,871,a391903ae395d171277ec3108ef337d889c83d376875ba23904b33611ecb65ae
M. perniciosa,PP267516.1,872,2ae3e327f5119388da9eadab5da28c94e4a06e001dc75f13d641210835ab5b63
M. perniciosa,PP267517.1,872,2ae3e327f5119388da9eadab5da28c94e4a06e001dc75f13d641210835ab5b63
M. perniciosa,PP267518.1,867,8cb86e319354843850e23b77a3dce867fbff0e4a24306d664bc9ae21f50ba6d4
M. perniciosa,PP267519.1,868,9008d2f12c13817adb615c97087e49d1c24914296c949f5ba3e3eca5bc90d73a
M. perniciosa,PP267520.1,872,2ae3e327f5119388da9eadab5da28c94e4a06e001dc75f13d641210835ab5b63
M. perniciosa,PP267521.1,871,a391903ae395d171277ec3108ef337d889c83d376875ba23904b33611ecb65ae
M. perniciosa,PP267522.1,870,9fa184216db259f23ca258e94314a52bd0633db5785850f4f9e3b4cef5630095
M. perniciosa,PP267523.1,872,2ae3e327f5119388da9eadab5da28c94e4a06e001dc75f13d641210835ab5b63
M. perniciosa,PP267524.1,872,2ae3e327f5119388da9eadab5da28c94e4a06e001dc75f13d641210835ab5b63
M. perniciosa,PP267525.1,872,2ae3e327f5119388da9eadab5da28c94e4a06e001dc75f13d641210835ab5b63
M. perniciosa,PP267526.1,857,d31e57c1dc27e8774d3da6dcd85c5c984a713e938f1f55086cd8f5854b139f4a
M. perniciosa,PP267527.1,868,9008d2f12c13817adb615c97087e49d1c24914296c949f5ba3e3eca5bc90d73a
M. perniciosa,PP267528.1,844,8b7c200587fe059abd48fbb4df333bf0c687aaf99202f40e8e59536a73434270
M. perniciosa,PP267529.1,872,2ae3e327f5119388da9eadab5da28c94e4a06e001dc75f13d641210835ab5b63
M. perniciosa,PP267530.1,871,a391903ae395d171277ec3108ef337d889c83d376875ba23904b33611ecb65ae
M. perniciosa,PP267531.1,862,e44ed9306b6f161c1bcb7b768636189b27c92806b2f6f5397a1629e720cf1699
M. perniciosa,PP267532.1,871,a391903ae395d171277ec3108ef337d889c83d376875ba23904b33611ecb65ae
M. perniciosa,PP267533.1,867,8cb86e319354843850e23b77a3dce867fbff0e4a24306d664bc9ae21f50ba6d4
M. perniciosa,PP267534.1,856,613168fa72ec4061413e5c6556cd16ef224d6014cf6040432cc8830abd3187b4
M. perniciosa,PP267535.1,835,841754fe6d51683f1ab0e182e0d0631ed78557ba482e32e32b50f191214f053c
M. perniciosa,PP267536.1,872,2ae3e327f5119388da9eadab5da28c94e4a06e001dc75f13d641210835ab5b63
M. perniciosa,PP267537.1,872,2ae3e327f5119388da9eadab5da28c94e4a06e001dc75f13d641210835ab5b63
M. perniciosa,PP267538.1,872,2ae3e327f5119388da9eadab5da28c94e4a06e001dc75f13d641210835ab5b63
M. perniciosa,PP267539.1,871,a391903ae395d171277ec3108ef337d889c83d376875ba23904b33611ecb65ae
M. perniciosa,PP267540.1,872,2ae3e327f5119388da9eadab5da28c94e4a06e001dc75f13d641210835ab5b63
M. perniciosa,PP267541.1,872,2ae3e327f5119388da9eadab5da28c94e4a06e001dc75f13d641210835ab5b63
M. perniciosa,PP267542.1,872,2ae3e327f5119388da9eadab5da28c94e4a06e001dc75f13d641210835ab5b63
M. perniciosa,PP267543.1,868,9008d2f12c13817adb615c97087e49d1c24914296c949f5ba3e3eca5bc90d73a
M. perniciosa,PP267544.1,872,2ae3e327f5119388da9eadab5da28c94e4a06e001dc75f13d641210835ab5b63
M. perniciosa,PP267545.1,872,2ae3e327f5119388da9eadab5da28c94e4a06e001dc75f13d641210835ab5b63
M. perniciosa,PP267546.1,873,e8673fcd91ecff37fb1f2b1c72a165403843700e99f2076bb2e2e5bcc526cbb5
M. perniciosa,PP267547.1,872,2ae3e327f5119388da9eadab5da28c94e4a06e001dc75f13d641210835ab5b63
M. perniciosa,PP267548.1,873,e8673fcd91ecff37fb1f2b1c72a165403843700e99f2076bb2e2e5bcc526cbb5
M. perniciosa,PP267549.1,872,2ae3e327f5119388da9eadab5da28c94e4a06e001dc75f13d641210835ab5b63
M. perniciosa,PP267550.1,872,2ae3e327f5119388da9eadab5da28c94e4a06e001dc75f13d641210835ab5b63
M. roreri,AWSO01000151.1,211945,f4251f287232370844a14a484636834b17b6caa7eef233ae601ab5f43b1e6dad
M. roreri,AY194150.1,1417,dcf6c2981aa7fe91c6f9c588633605046d40e6fee76cf08cd1399bb3913bc71d
M. roreri,AY230254.1,794,0bd65cee1f2d0f127314bfec9ef2db42eb4183c743ba42656f521dd86281b70f
M. roreri,AY230255.1,795,39550f12cd90e12039b9d42a21d6d9e652d479049d114b60f22e29b3a86ad9bd
M. roreri,AY916744.1,1046,fd5b9d19f914b16e002b601545bcd1360729f5bc120cfc8bfde949ef3a983f0a
M. roreri,AY916745.1,1779,d3f828464e8b5b5467e8a907be1b9e460addde02fdf76487d5f2fe43b26a6d07
M. roreri,AY916746.1,674,936673c7035f6b3eeba5a5843c3282d17373c1eac668b847cd667fe8f6ba1247
M. roreri,AY916749.1,1046,6b456e19056e50cb6fcfbf71b599f7beda31c2cc5f911cefbacbe682033d9b8f
M. roreri,AY916750.1,1216,f9d20b5926bc34a8cc64bd1bde1722635fa722052c5a1cea4412dc41474d4062
M. roreri,DQ222923.1,816,29889678838b959645ce8f5f85a0e6d4bf0d87281d9416d7706d0e7ec52c8d3f
M. roreri,DQ222924.1,976,0cb1850bb13c5114109210caddde9e664f0284c205203a8b6789a55cb5b93b6d
M. roreri,DQ222925.1,822,c02d9e92528039387ea08e700508a24c2876d556ee9e006792b37e51309fe847
M. roreri,DQ222926.1,978,cdead84f7b8e97a97d777bb734cc180f0e8dc8ba3fafb3c765a4888a8b2d0fae
M. roreri,DQ222927.1,822,c02d9e92528039387ea08e700508a24c2876d556ee9e006792b37e51309fe847
M. roreri,DQ222928.1,976,0cb1850bb13c5114109210caddde9e664f0284c205203a8b6789a55cb5b93b6d
M. roreri,EU047937.1,765,047b3983afca91611f0daf57c5c23278973352e1ac51eec4a5482b41114a3e4f
M. roreri,GU108605.1,852,12465a20880875250c52f11d44916a83a0b6e7cb87515aa6c861671187fec9f2
M. roreri,GU183375.1,595,5bbb473f5f2926fb9f669169f143678a2b1d77108d6b72f5cb1fd0b1bfbb94c2
M. roreri,GU183376.1,970,1fbc8c9a5a5de5691e23136aa8124cc225b77a8f18f50bf84905f3ae7c1299c1
M. roreri,GU183377.1,971,19bf388804390008c29464fddbb284a5fb66d1948f7117402104c3a1933236b5
M. roreri,GU457436.1,680,da277f0e4fde670955e0ad9e2cf10b90e0786b2a467d150ff125244c1f2b37fb
M. roreri,GU457437.1,647,9aec6cc04016892b7e750cdbedc023516653bc1e7eabf832890acaad1f49b902
M. roreri,GU457438.1,667,cea7f3200ed4e46e23267c152555a6b839cd7ea0857066ce349364d1dc0cc770
M. roreri,HQ231236.1,975,0f3d2f8a4404e0465612fc87e24d04a9682f50b999e6b516d6daef58f70d6a51
M. roreri,JF730693.1,1768,5859c932701caf9b734d354c2fca65224e302560575dc74bad4ee09a4a18bef8
M. roreri,JF769489.1,758,ca1409c5283e3e5588f4226ef369d73bcaa7ba4c65cef0de1ea89a931b23a096
M. roreri,JN241966.1,685,da00920dab3812b70bca1b03f6debc5839c0d9b6d0a4fc7a6b9ce470ed82a043
M. roreri,JN241967.1,697,fbea5449513ee1248b17da7a6801eeeaa80e4c13f9c2c7aa24b845517d7e78ae
M. roreri,JX315272.1,705,4c6b59ccc944d14355fadf4f1a79fb7a221a2949d15f7795cd02ebad28a61210
M. roreri,JX315273.1,705,85afbbe9f5ab68c1c6c51f0638ffe71aebe994f6523b1de8cb17b4fe95e6223e
M. roreri,JX315274.1,705,b0f1d2f4388365d8804ea011ea1bf471c3f429d0eaf62a1ffe02b4ae56b4a498
M. roreri,JX315275.1,705,b0f1d2f4388365d8804ea011ea1bf471c3f429d0eaf62a1ffe02b4ae56b4a498
M. roreri,JX315276.1,705,b0f1d2f4388365d8804ea011ea1bf471c3f429d0eaf62a1ffe02b4ae56b4a498
M. roreri,JX315277.1,705,45a0ce2380901a7adf4bc0bd9f1b5b7b10cdb436b13b4b1a4a0f3d9b4f6bd75b
M. roreri,JX315278.1,706,87ba39e20f6ede81a23ef5d109bde043e1b1c3ef6b7fac8befaa84c63e5711d8
M. roreri,JX315279.1,669,3d852105eb0ef4f4aaa9f4d1ef9fe204dbee2e0bea2fa7240d7f9951e4255f9f
M. roreri,JX315280.1,705,85afbbe9f5ab68c1c6c51f0638ffe71aebe994f6523b1de8cb17b4fe95e6223e
M. roreri,JX315281.1,705,85afbbe9f5ab68c1c6c51f0638ffe71aebe994f6523b1de8cb17b4fe95e6223e
M. roreri,JX315282.1,707,09fe2fce8cb8bacf3080efe11a06b3c1b4128954d3c75bb14906a9b604ea37ed
M. roreri,JX315283.1,707,d157010569b410132581ae761f697f4932907fce1cc16692f6acea233cef66ab
M. roreri,JX315284.1,707,09fe2fce8cb8bacf3080efe11a06b3c1b4128954d3c75bb14906a9b604ea37ed
M. roreri,JX315285.1,707,885c5764ade1b0d8517b79d79f076a3dc8d2b5a4490bc99aa769c6caeee0a2f0
M. roreri,JX315286.1,707,6219c65d76941e0f5742abc913b5964a5b80d4bf14321e55df2893eaadceadf7
M. roreri,JX315287.1,706,58b84c40d1a6b29a2e419025781298a120a85f8b237adc6faa1376d100a2089c
M. roreri,JX315288.1,669,ab6335ad0bec35743fc68651761be9d6c4654b12223f3417abbda029033779f5
M. roreri,JX515286.1,665,a43b81b46e0d4fd8205b24e02b95c72de02cea6942a3e1076b7cc6227b6957b7
M. roreri,JX515287.1,765,9de73ea33fe20190c75f3e0a4ac7a36f0c04a17a2565843c866ae4fd8042f817
M. roreri,JX515288.1,738,24f412045b4af00f012b7a1c461436124769751803f3161a152d67519f52cc99
M. roreri,JX515289.1,723,345c2d39c82cc550ac3b137c504f53f20f059f7b32d1914706832fdf18ee9b0d
M. roreri,JX515290.1,741,57c91325fa8b11f3e68f85657aa86c248942dfd86e3e555706d4edd4e24fb320
M. roreri,JX515291.1,739,c614e66d5eb8c6af7103aa2c45f814d2d4de2f280830c696acfbc93047c697da
M. roreri,JX515293.1,958,28b1baa5d9f4ba34c46044f1784a101ed9c940aeeb20c0272f0da3a12b6075a8
M. roreri,JX515294.1,974,42ed254e9bf030ef0b74ec1e671cf9b462ebea45cd9f3afe02281a7e483c82b6
M. roreri,JX515295.1,975,e0a7d746fbf48a21ae7290f81188d262a81d5fae33cf9cb86fb5219efb8f0057
M. roreri,JX515296.1,972,03c5bb1a6469299fe870783c26f97e543f4995ba758cc19f62550ba4ee47dd3d
M. roreri,JX515297.1,976,7bdee2d3f033a9942a60f4bc22abe72f4187d77582613b421aa3d7989dd0dbef
M. roreri,JX515298.1,958,28b1baa5d9f4ba34c46044f1784a101ed9c940aeeb20c0272f0da3a12b6075a8
M. roreri,KF640238.1,717,1db4b59ba897c130e57d022867760b93213c2629b14cbd8bb7ba68095c6d5404
M. roreri,KF640239.1,648,ad9e38281075d03aa1c5b016289882b55d5e12c9aa11b93a58c163a3047b6b69
M. roreri,KF640240.1,704,7c170c80d54c8b134060d6e1514cdd3f3fa106e638dcf9cf18cd964acbde335f
M. roreri,KF640241.1,705,a74ae86e98547660f3666c835df342943d352ef488d66915e2b3c2637003aa65
M. roreri,KF640242.1,712,8a7aa599902c14cb5737c7ff5525743dd31ff19e1b7daa6de3080eb1e4197bde
M. roreri,KF640243.1,398,809e3020d6257a372133beddc2ce4a39c9134fc34c360b2558e8736d214b8e64
M. roreri,KF640244.1,560,a3e59aa51696a04fa9605c912dd3502a5b20386be0dcde5d28909debcac6b352
M. roreri,KF640245.1,390,18aafa6c760f2bf73952fd86bd77045a63f94dd747cdf029488c270709e1d8ea
M. roreri,KF640246.1,712,adbee03c4e9e89c8d5734ae2340a4423836cd429240ba2d5e54a5991c56ceb20
M. roreri,KM998972.1,1737,5a456a0b0f6f4793fa62c7c8c92f76123e5c77de8072843cccdf6c30f4455441
M. roreri,KU674835.1,752,f2a0260f7df047171a4599cc2ad317a8d247ff188bbfb09395e59c98ca4964b5
M. roreri,LATX02000046.1,1365965,0aa9eeef091c613623c6cc945253fc8435ff642084a09eea430c85cd87e5c61d
M. roreri,MF139030.1,589,f7e2acb67aa71b51c6c2c9a78157aab9d396ce68710845514a4eec407dcf9a66
M. roreri,MF139031.1,589,f7e2acb67aa71b51c6c2c9a78157aab9d396ce68710845514a4eec407dcf9a66
M. roreri,MF139032.1,589,f7e2acb67aa71b51c6c2c9a78157aab9d396ce68710845514a4eec407dcf9a66
M. roreri,MF139033.1,589,f7e2acb67aa71b51c6c2c9a78157aab9d396ce68710845514a4eec407dcf9a66
M. roreri,MF139034.1,589,f7e2acb67aa71b51c6c2c9a78157aab9d396ce68710845514a4eec407dcf9a66
M. roreri,MG717343.1,1101,8e0f92177e1a3500424232d939e3b757292c1aea48e2b6e582abf9425d0c053c
M. roreri,MG717369.1,704,d725664607ea35c2fd886b7b8e3c8a1a71bcf3e404a1f5872f3b4d18d5905f86
M. roreri,MH861050.1,791,dab7efcf612199a73df695c774f5641af3e0b7bfa293037e64def65f29bbd75c
M. roreri,MH861051.1,754,21ab6e20fc637542373770dbc60babcc9e65cde908fc6748186b5068636917e5
M. roreri,MH872818.1,951,72766384c3c42f2f0bfdf300afc3a9e3e86ade2b664d4f9930e3ad31ad13e66e
M. roreri,MH872819.1,925,144f0a238a6e8cb014a2eace0a96189500cbe3033f288cb189b9a581bd621402
M. roreri,MK811385.1,551,44578c51fca3a8ccde4cd32e6def1b84d3cf26bbc422c21e5bdd11bb78bcde57
M. roreri,MK811386.1,598,67b0d2ff03dbb044dd5d82cf16a29d124678720987444cb51dcf47a5922b623b
M. roreri,MT127258.1,646,14590d37061ce20637e3ffdffe118da4565150ca3215485631cdf838e63e64c7
M. roreri,MW898034.1,644,c075974e1d5f7d878997ec4b1761520b55145a6d5abf06d3b906a98a548cac27
M. roreri,MW898035.1,644,c075974e1d5f7d878997ec4b1761520b55145a6d5abf06d3b906a98a548cac27
M. roreri,MW898036.1,644,c075974e1d5f7d878997ec4b1761520b55145a6d5abf06d3b906a98a548cac27
M. roreri,MW898037.1,644,c075974e1d5f7d878997ec4b1761520b55145a6d5abf06d3b906a98a548cac27
M. roreri,MW898038.1,644,c075974e1d5f7d878997ec4b1761520b55145a6d5abf06d3b906a98a548cac27
M. roreri,MW898039.1,644,c075974e1d5f7d878997ec4b1761520b55145a6d5abf06d3b906a98a548cac27
M. roreri,MW898040.1,644,c075974e1d5f7d878997ec4b1761520b55145a6d5abf06d3b906a98a548cac27
M. roreri,MW898041.1,644,5732ba44ab1622c6476fed9c61ee016b31c89fd5146e33a1de581d580b363887
M. roreri,MW898042.1,644,5732ba44ab1622c6476fed9c61ee016b31c89fd5146e33a1de581d580b363887
M. roreri,MW898043.1,644,5732ba44ab1622c6476fed9c61ee016b31c89fd5146e33a1de581d580b363887
M. roreri,MW898044.1,644,5732ba44ab1622c6476fed9c61ee016b31c89fd5146e33a1de581d580b363887
M. roreri,MW898045.1,644,c075974e1d5f7d878997ec4b1761520b55145a6d5abf06d3b906a98a548cac27
M. roreri,MW898046.1,644,5732ba44ab1622c6476fed9c61ee016b31c89fd5146e33a1de581d580b363887
M. roreri,MW898047.1,644,5732ba44ab1622c6476fed9c61ee016b31c89fd5146e33a1de581d580b363887
M. roreri,MW898048.1,644,c075974e1d5f7d878997ec4b1761520b55145a6d5abf06d3b906a98a548cac27
M. roreri,MW898049.1,644,c075974e1d5f7d878997ec4b1761520b55145a6d5abf06d3b906a98a548cac27
M. roreri,MW898050.1,644,c075974e1d5f7d878997ec4b1761520b55145a6d5abf06d3b906a98a548cac27
M. roreri,MW898051.1,644,c075974e1d5f7d878997ec4b1761520b55145a6d5abf06d3b906a98a548cac27
M. roreri,MW898052.1,644,5732ba44ab1622c6476fed9c61ee016b31c89fd5146e33a1de581d580b363887
M. roreri,MW898053.1,644,c075974e1d5f7d878997ec4b1761520b55145a6d5abf06d3b906a98a548cac27
M. roreri,MW898054.1,644,c075974e1d5f7d878997ec4b1761520b55145a6d5abf06d3b906a98a548cac27
M. roreri,MW898055.1,644,c075974e1d5f7d878997ec4b1761520b55145a6d5abf06d3b906a98a548cac27
M. roreri,MW898056.1,644,5732ba44ab1622c6476fed9c61ee016b31c89fd5146e33a1de581d580b363887
M. roreri,MW898057.1,644,c075974e1d5f7d878997ec4b1761520b55145a6d5abf06d3b906a98a548cac27
M. roreri,MW898058.1,644,c075974e1d5f7d878997ec4b1761520b55145a6d5abf06d3b906a98a548cac27
M. roreri,MW898059.1,644,5732ba44ab1622c6476fed9c61ee016b31c89fd5146e33a1de581d580b363887
M. roreri,MW898060.1,644,c075974e1d5f7d878997ec4b1761520b55145a6d5abf06d3b906a98a548cac27
M. roreri,MW898061.1,644,5732ba44ab1622c6476fed9c61ee016b31c89fd5146e33a1de581d580b363887
M. roreri,MW898062.1,644,c075974e1d5f7d878997ec4b1761520b55145a6d5abf06d3b906a98a548cac27
M. roreri,MW898063.1,644,5732ba44ab1622c6476fed9c61ee016b31c89fd5146e33a1de581d580b363887
M. roreri,MW898064.1,644,5732ba44ab1622c6476fed9c61ee016b31c89fd5146e33a1de581d580b363887
M. roreri,MW898065.1,644,5732ba44ab1622c6476fed9c61ee016b31c89fd5146e33a1de581d580b363887
M. roreri,MW898066.1,644,c075974e1d5f7d878997ec4b1761520b55145a6d5abf06d3b906a98a548cac27
M. roreri,MW898067.1,644,5732ba44ab1622c6476fed9c61ee016b31c89fd5146e33a1de581d580b363887
M. roreri,MW898068.1,644,5732ba44ab1622c6476fed9c61ee016b31c89fd5146e33a1de581d580b363887
M. roreri,MW898069.1,644,5732ba44ab1622c6476fed9c61ee016b31c89fd5146e33a1de581d580b363887
M. roreri,MW898070.1,644,c075974e1d5f7d878997ec4b1761520b55145a6d5abf06d3b906a98a548cac27
M. roreri,MW898071.1,644,5732ba44ab1622c6476fed9c61ee016b31c89fd5146e33a1de581d580b363887
M. roreri,MW898072.1,644,c075974e1d5f7d878997ec4b1761520b55145a6d5abf06d3b906a98a548cac27
M. roreri,MW898073.1,644,c075974e1d5f7d878997ec4b1761520b55145a6d5abf06d3b906a98a548cac27
M. roreri,MW898074.1,644,c075974e1d5f7d878997ec4b1761520b55145a6d5abf06d3b906a98a548cac27
M. roreri,MW898075.1,644,c075974e1d5f7d878997ec4b1761520b55145a6d5abf06d3b906a98a548cac27
M. roreri,MW898076.1,644,c075974e1d5f7d878997ec4b1761520b55145a6d5abf06d3b906a98a548cac27
M. roreri,MW898077.1,644,c075974e1d5f7d878997ec4b1761520b55145a6d5abf06d3b906a98a548cac27
M. roreri,MW898078.1,644,c075974e1d5f7d878997ec4b1761520b55145a6d5abf06d3b906a98a548cac27
M. roreri,MW898079.1,644,c075974e1d5f7d878997ec4b1761520b55145a6d5abf06d3b906a98a548cac27
M. roreri,MW898080.1,644,c075974e1d5f7d878997ec4b1761520b55145a6d5abf06d3b906a98a548cac27
M. roreri,MW898081.1,644,c075974e1d5f7d878997ec4b1761520b55145a6d5abf06d3b906a98a548cac27
M. roreri,MW898082.1,644,c075974e1d5f7d878997ec4b1761520b55145a6d5abf06d3b906a98a548cac27
M. roreri,MW898083.1,644,c075974e1d5f7d878997ec4b1761520b55145a6d5abf06d3b906a98a548cac27
M. roreri,MW898084.1,644,c075974e1d5f7d878997ec4b1761520b55145a6d5abf06d3b906a98a548cac27
M. roreri,MW898085.1,644,5732ba44ab1622c6476fed9c61ee016b31c89fd5146e33a1de581d580b363887
M. roreri,MW898086.1,644,c075974e1d5f7d878997ec4b1761520b55145a6d5abf06d3b906a98a548cac27
M. roreri,MW898087.1,644,c075974e1d5f7d878997ec4b1761520b55145a6d5abf06d3b906a98a548cac27
M. roreri,MW898088.1,644,c075974e1d5f7d878997ec4b1761520b55145a6d5abf06d3b906a98a548cac27
M. roreri,MW898089.1,644,c075974e1d5f7d878997ec4b1761520b55145a6d5abf06d3b906a98a548cac27
M. roreri,MW898090.1,644,c075974e1d5f7d878997ec4b1761520b55145a6d5abf06d3b906a98a548cac27
M. roreri,MW898091.1,644,c075974e1d5f7d878997ec4b1761520b55145a6d5abf06d3b906a98a548cac27
M. roreri,MW898092.1,644,c075974e1d5f7d878997ec4b1761520b55145a6d5abf06d3b906a98a548cac27
M. roreri,MW898093.1,644,c075974e1d5f7d878997ec4b1761520b55145a6d5abf06d3b906a98a548cac27
M. roreri,MW898094.1,644,c075974e1d5f7d878997ec4b1761520b55145a6d5abf06d3b906a98a548cac27
M. roreri,MW898095.1,644,c075974e1d5f7d878997ec4b1761520b55145a6d5abf06d3b906a98a548cac27
M. roreri,MW898096.1,644,c075974e1d5f7d878997ec4b1761520b55145a6d5abf06d3b906a98a548cac27
M. roreri,MW898097.1,644,c075974e1d5f7d878997ec4b1761520b55145a6d5abf06d3b906a98a548cac27
M. roreri,MW898098.1,644,c075974e1d5f7d878997ec4b1761520b55145a6d5abf06d3b906a98a548cac27
M. roreri,MW898099.1,644,c075974e1d5f7d878997ec4b1761520b55145a6d5abf06d3b906a98a548cac27
M. roreri,MW898100.1,644,c075974e1d5f7d878997ec4b1761520b55145a6d5abf06d3b906a98a548cac27
M. roreri,MW898101.1,644,c075974e1d5f7d878997ec4b1761520b55145a6d5abf06d3b906a98a548cac27
M. roreri,MW898102.1,644,c075974e1d5f7d878997ec4b1761520b55145a6d5abf06d3b906a98a548cac27
M. roreri,MW898103.1,644,c075974e1d5f7d878997ec4b1761520b55145a6d5abf06d3b906a98a548cac27
M. roreri,MW898104.1,644,c075974e1d5f7d878997ec4b1761520b55145a6d5abf06d3b906a98a548cac27
M. roreri,MW898105.1,644,c075974e1d5f7d878997ec4b1761520b55145a6d5abf06d3b906a98a548cac27
M. roreri,MW898106.1,645,de859145e67548b60ae1de5682acacc086de81142771ea9e61da59c6eb727fc3
M. roreri,MW898107.1,645,de859145e67548b60ae1de5682acacc086de81142771ea9e61da59c6eb727fc3
M. roreri,MW898108.1,645,de859145e67548b60ae1de5682acacc086de81142771ea9e61da59c6eb727fc3
M. roreri,MW898109.1,644,c075974e1d5f7d878997ec4b1761520b55145a6d5abf06d3b906a98a548cac27
M. roreri,MW898110.1,644,c075974e1d5f7d878997ec4b1761520b55145a6d5abf06d3b906a98a548cac27
M. roreri,MW898111.1,646,538b48264abadcb4f98c84c5710a7956a5408638a153ac076ad22e82cea51896
M. roreri,OM056945.1,665,8ab8ecab351254bf92deea059f9b19a3807cd19d90640498c3532573c2de1a5f
M. roreri,OM056946.1,683,c14d145e13c664f63ed5d6d2a45412c536e34a7de70516ba72f437648630a84a
M. roreri,OM777733.1,556,3c930a447324ab15be2e65da7de60076b3d878773cd986f646173fea0671452f
M. roreri,OM777734.1,669,d7f41659979a76ff024d290610d84c80fec4834256066a83396c9062227d2623
M. roreri,OM777735.1,646,78fe3053bf0aa83a75b11442cc6a1f02236f5e3ac14e5063bb0e582442f24f78
M. roreri,OM777736.1,614,0c78f1e1f871b4f8496db0de48fcdf653d5fae1f81b4842c508cf67cb98dd2ca
M. roreri,OM777737.1,629,f6afb7a9e298dedebe2b45c154dd525adbffa3580659af37b75e13b856310449
M. roreri,OM777738.1,592,bc2f6dd4100c5042c469eca9b182196b48a5954ba746b27c2f8edca98f608caf
M. roreri,OM777739.1,634,cfd496bacc3a5dbc14daa6fff068d214db9e008cc7eab6ce12670b25ce9dd318
M. roreri,OM777740.1,723,ffc7ff05d62dc286a3723256bf8fb06b9372b54b8aede62ed2f5a8eaf2ca30a3
M. roreri,OM777741.1,664,0ded03cd22c1d4cce7fb29b56dc0ce9b00d48a003aac89ad20e093409edc0b87
M. roreri,OM777743.1,653,6ab1c463a99cc5ee35f20899085bfa12c021b670c771f8b14097fd7512fe6311
M. roreri,OM777744.1,774,717d1f7d991622a3067566c13d5ee4e6a1151d49abbb2c9c351304df9d9702be
M. roreri,OM777745.1,755,465bc436b10e7becff027fd69c3d105fdc4ef8ace44ae11c1130fad82ee746c0
M. roreri,OM777746.1,771,8a0a24c424ee46d4f5d849bd8c7bbf21a66ab83128ba0a282788ef8414e195d9
M. roreri,OM777747.1,741,7345380ebb250d75d3844e5ffa4f55738665d174b1ef1532c494b6a537d29b86
M. roreri,OM777748.1,713,95e5035ccff8daf6428bb292ec104b0679eee7bcd238ad603f836c8bd05d0e35
M. roreri,OM777749.1,761,1a22996bd15da270ee314054bf9ce223114936faa3f2132ec88f90fc57735fd4
M. roreri,OM777750.1,728,89e5cae9f61632f7405dc8b4f44ffa9b96103eb864402463fb2497a88d26613e
M. roreri,OM777751.1,723,7c30929a3bf67dce84278d61824e2c4ac2c129c8f708c23241151b9983b9f539
M. roreri,OM777752.1,782,83376eaca9fef71113ee2dc5451b0d51f70d0d1fc592f8f461449072e324f9a3
M. roreri,OM777753.1,677,a2857655dc4b9fffb38f6f6a34a0a1b894d4c21e8c0a7dc63de22431d8b7b426
M. roreri,OM777754.1,758,d2de595a0272c4186e9cc3e69bffc82589b0829f353313865fbf075e90d64183
M. roreri,OM777755.1,711,f4c226ea8a8eb869612fcdc577923474e7a8bf6149a2a8134673cb887bdb6e2c
M. roreri,OM777756.1,762,205abad975e04ba60406f310b99d0aeb4794903b2ac36cdacd6a6a9c470ebd15
M. roreri,OM777757.1,770,877dd61b572b28803946ddd7c30f1c4036e05c48a445061ec052b49dd0f9eb93
M. roreri,OM777758.1,732,017cbdbf299c37fb9498078bd56d3ac2e767b094e704dc85ad418a09aa110b6c
M. roreri,OM777759.1,680,285bf3d23b0a4cba5d6d608b4d4b3fe25f199f556832f3a0e3bfe55952bb2363
M. roreri,OM777760.1,646,97af81fe274e3f1bd5f97ca33ed7f3c8134c90fcf5817eaed6f4f9d6c88b599f
M. roreri,OP781654.1,716,ba9998df29174c3836d5ed1ff9893bdf41f302738062ced578b767ac8337f8a1
M. roreri,OP781680.1,661,a1296f8bd1405af2632e72c16f68dff727aa527e85de62296059018614a7c781
M. roreri,OP784767.1,715,65675c7b9c1d76107e630fa4b9f4f50a24ced30761020e0fc23e15c034ee4c8d
M. roreri,OP784768.1,699,53001d9506f39d39cadb8b3d70293e14bb14f526c4c30cf71a881a74dd580e54
M. roreri,OP784769.1,716,590031eea011186105eac4b18da0bba95a1e5024a5762efe0e5bc092076d5f73
M. roreri,OP784770.1,691,9ff5aa1b752d95431a7860a04b879cce41c0720f8b61a8bcee276511dad65684
M. roreri,OP784771.1,681,1460ab5680cde8a9592a6f6577b47bb49f50d477f56b1bdaad20e0f761aba6f5
M. roreri,OP784772.1,716,590031eea011186105eac4b18da0bba95a1e5024a5762efe0e5bc092076d5f73
M. roreri,OP784773.1,679,2670926e66eb61f8019c8d7bd854fb278bec87cc235af44f33ca8429d93ce5a6
M. roreri,OP784774.1,716,590031eea011186105eac4b18da0bba95a1e5024a5762efe0e5bc092076d5f73
M. roreri,OP784775.1,716,590031eea011186105eac4b18da0bba95a1e5024a5762efe0e5bc092076d5f73
M. roreri,OP784776.1,685,31d8a36a3d8d347cf2a7b975010b80d084611fbb4062c733a76ae73dddfde037
M. roreri,OP806971.1,717,30c3c39f3b54427a1e9b079a22fe7178d754434b89bd78418ccf942f40b19f01
M. roreri,OP807112.1,674,d19c89fa724f4460a6bc9f87c3f3bc4d259229bfe010ed821612fb1af1a98846
M. roreri,OP807173.1,696,01c2ff66787196233552b7a18110170aa5c61045105cd08717802f9c099bd642
M. roreri,OP820438.1,699,53001d9506f39d39cadb8b3d70293e14bb14f526c4c30cf71a881a74dd580e54
M. roreri,OP820439.1,687,7e84ae4669c69b2c0b011e12c5935c8d4493ac8d9819bf9f2ed62b9716204bbe
M. roreri,OP820440.1,716,ba9998df29174c3836d5ed1ff9893bdf41f302738062ced578b767ac8337f8a1
M. roreri,OP820441.1,691,9ff5aa1b752d95431a7860a04b879cce41c0720f8b61a8bcee276511dad65684
M. roreri,OP820443.1,716,590031eea011186105eac4b18da0bba95a1e5024a5762efe0e5bc092076d5f73
M. roreri,OR225507.1,918,ba63f304b5c1e2c38319aa848c9b73a9db68b743b7f6e2243afe6766c37c82f6
M. roreri,OR228889.1,687,43996c2dd9be156b75840a38829b2db5e12c2cbdd5d4869892ff3d3a6d7cae7f
M. roreri,PP976973.1,449,95f4c17a434fb2bd9b87264af3e71f3940d445cf01ff60cb73c655b7ae4aca12
M. roreri,PV081856.1,671,942dacffd2879036bb68f292beb2f68c57bba8d5479feca0079c9a3416fcac5c
M. roreri,PV233880.1,625,a7af7ecfcaf7612aefdf2ae0cff0c5a59d6713bfc15140b7f7c5b3b4917904cd
M. roreri,PV577357.1,751,7fbba9a4f67cafc61b5e3698a81113096ac57bee93d506a2b409924f6d5a3be7
M. roreri,PV577358.1,646,a08660a8194e5ad24a848199b521f441e30e1ed0ef58c4aa266cdc74e71e3fcc
M. roreri,PV577359.1,689,5cf3ed213ef73a37554e47656aeeb92629c9d10ca3ac379b5428159bee2ef46a
M. roreri,PV577360.1,655,2589a98b092f8672151345717495f1f3e2c4646bb0ef80b6fea6112a464cc3e4
M. roreri,PV577361.1,642,e10b48f6210d6d7c10cbd26c459fe54d01ebcaf3e62c47ead89ab4530fde200e
M. roreri,PV577362.1,679,151cca9a955291199bfe2bb134853f398055728bf22dc37e2d89a8db7faf0030
M. roreri,PV577363.1,698,207a59f5b010594a63a1a90ca4885c117a45ddc4389ea343755c5459ca3e7378
M. roreri,PV577364.1,646,68b6638d6e2c2e4bb94d3ed02990fb54ca41b2ad0027f566b78ff4e48715bd21
M. roreri,PV577365.1,693,4bed82bb4f32dcd76a5b4a52787c95b0f68be0bbd9d568d30422ed8a15346499
M. roreri,PV577366.1,667,48f831f248ac2f03eeb8d1988987b89d74d34aa38d616ed804be6086f5ecbb74
M. roreri,PV577367.1,691,ccbed822e2e1b0a437197f18b6bb4f9470db8a0c86172d4269de87a4d2969fcd
M. roreri,PV577368.1,684,863598dcd96f40b9efb7098056d11115fa9a44cc45e7daa1bab279a6f4a73219
M. roreri,PV577369.1,671,5ad2adc38356afc7b9211678f459e0d5c644528fb7934489e155169ad28b40ed
M. roreri,PV577370.1,668,e893f58d6ac9f82dbf61805b9842a6d721c61496ca5a68f330fec7cfc9d00157
M. roreri,PV577371.1,658,da0ac5e93f0f58affd6e7824a9c40014bb64f0691cbf59113b0a6efca2623f18
M. roreri,PV577372.1,662,72d16d0d77a77de704b29c37f51f122b7163c5f556832801d2169d517cdf9c53
M. roreri,PV577373.1,644,22256b577e54ef4e671c907dc858302345f921e5b8a9bc0777d5369459bb0ac0
M. roreri,PV577374.1,714,edc0cd4e1211cf9d4279ca1059a061f7e0f16bb795b444c39a426389b6a5bef1
M. roreri,PV577375.1,667,692cb2b599884524c2f42af5f5f4951875a186c9480dbea0e249a7ca1096e386
M. roreri,PV577376.1,709,94adfd2213c8b867bc77709caa978b039b5c0939a7fc1c20a6fb25fa13d1350e
M. roreri,PV577377.1,609,7357b8e64a9f9b2d9a8d2f21ad2e65f07e767e8c935efb7324e529b6a37b9339
M. roreri,PV577378.1,679,5ce67f3cabb3793d7b184b163e77591b41eacbb543cfe9284723c2a2d6caa6db
M. roreri,PV577379.1,640,d7c62feaa57949b41587e742afc30c8a6b77a612a8ed71bfae6cb80021db1367
M. roreri,PV577380.1,723,8fac52c80e648458cb548b418f792d98a6ecf16b3bdd167bb036312039e1832f
M. roreri,PV577381.1,678,29806f843cdd8a64a387c289616f9b6bddc885adfbfc597403c1805ec0d72308
M. roreri,PV577382.1,715,92f107e936c017dac01bbfb1c88a1c7a48639c54561d148c2315584affc78b41
M. roreri,PV577383.1,693,47e606917e034255141970839fdefaecdf0e3f41913057b3f579fcaaf9663401
M. roreri,PV577384.1,655,4557495caba74f6c7fc7008a34e81876a5f8cc53dd41cc0bea78f1ca59c11f6d
M. roreri,PV577385.1,655,c7c29bd735458d78a7d369e5174e7e20ad44e5eeabafd6246d3f8fc01687a438
M. roreri,PV577386.1,670,106f7f8e6fabda75e22ddaef69c222ff9511b2569002ddbec83e0c176f46550d
M. roreri,PV577387.1,688,d854ec646be67bf4d78d8eadffc7fd1310ed38087dcb2b2eb0f4587669daa13f
M. roreri,PV577388.1,678,066b419ef58626cd9f301d128546b846513e1704aeea58b849d360dfa0e1eac3
M. roreri,PV577389.1,639,6879a5dc89935aa823108521f2884fbd179518ee579f08c344ccba48ff6fc443
M. roreri,PV577390.1,699,d4ceb659593df60ec1ea7c4f2212c16c660acb2c2582f24332bef5d9255eb948
M. roreri,PV577391.1,661,3d4b3ac1be1e1099461983dec0e3613de577a5f8ffc6f5d8240ffe90395021c3
M. roreri,PV577392.1,598,18080be48db565eb46fe460b02bee5ab36e07b7abbc4a4fa0834d2fa2752c5b8
M. roreri,PX612220.1,417,8cc9227004a311c99e189854b516cdbd6ad258c361d98f9752901d10ef7142f8
M. roreri,PZ345229.1,604,0756313fc8d00b052b9dbdbf53ebc077477f62bcf9a577529568071a5ac2431b
M. roreri,PZ345235.1,598,d001bd25409c5392742eea40c226645a12df82cb0905deec0f4987a2f5b8c3a9
M. roreri,PZ346327.1,763,ddce242f66f6a93099fde6e364453f42f4eb34de6130bfc5cadd17c82ffe32f6
M. roreri,PZ346328.1,750,e33c782f7ced6070a2e6c252a40e1684c705fb500f5516f904e7c7aa7249dcd6
M. roreri,PZ346329.1,750,d433e708d778bea3c17615ca775403d6b284128b1bb83bb9155209d04ec756ba
M. roreri,PZ349273.1,740,a2fda13483b5bf6528cee1b5503b7968c37280aaa08943ca82ba2babaaea41e3
P. megakarya,AB367390.1,783,6b92ffeced38db1bb7f969778712d7345a07e7825cba09b2ad519ac829095646
P. megakarya,AF266782.1,783,6b92ffeced38db1bb7f969778712d7345a07e7825cba09b2ad519ac829095646
P. megakarya,AF467095.1,833,5e7594a3e37ed7e758f62bb475d798500f8a33f6e08e70d1f5c41c986e86531c
P. megakarya,AF467096.1,833,5e7594a3e37ed7e758f62bb475d798500f8a33f6e08e70d1f5c41c986e86531c
P. megakarya,AF467097.1,837,ddcc9a71ba36f30f4bb6f45f188fe773805082c43cd39a23185ab8490b423718
P. megakarya,AF467098.1,834,e8336582a1c0e0989462ec00834040ee7ce7fae994fd589b92f1994af042efab
P. megakarya,AF467099.1,834,ac5fd5e0380b3123778a0f02c99dceaad246ea51d649546b8e4bc15dd20d6c2f
P. megakarya,AF467100.1,834,a45991997e0cff950c02f510008c9a34fa086652aa84101ee45e7b2c749ff39e
P. megakarya,AJ515920.1,782,be3ade3731f58227264d4c037581b6082c1d30721c4afd7768fdc5abe16c0f0b
P. megakarya,AJ517466.1,782,be3ade3731f58227264d4c037581b6082c1d30721c4afd7768fdc5abe16c0f0b
P. megakarya,EU079974.1,1340,4b1fe1b81b41d5cb51551a8aa6f459bd06f0edca9180a6926596c3bc8b06a150
P. megakarya,EU079981.1,1340,4b1fe1b81b41d5cb51551a8aa6f459bd06f0edca9180a6926596c3bc8b06a150
P. megakarya,EU079987.1,1340,4b1fe1b81b41d5cb51551a8aa6f459bd06f0edca9180a6926596c3bc8b06a150
P. megakarya,FJ801781.1,769,301e2cd2385da4928177241814e9ff71b86df3859efaa1ed7e3845910bacbac8
P. megakarya,FJ802010.1,783,6b92ffeced38db1bb7f969778712d7345a07e7825cba09b2ad519ac829095646
P. megakarya,FJ802011.1,778,abec069556c903f84383b8ee87866d1ce6b6b247383ee75792f076d13cca0599
P. megakarya,FJ802012.1,783,6b92ffeced38db1bb7f969778712d7345a07e7825cba09b2ad519ac829095646
P. megakarya,GU259099.1,783,6b92ffeced38db1bb7f969778712d7345a07e7825cba09b2ad519ac829095646
P. megakarya,GU993904.1,783,6b92ffeced38db1bb7f969778712d7345a07e7825cba09b2ad519ac829095646
P. megakarya,HQ261356.1,680,930a616034e084452ad017774fbe87f0609fa47b8126644ad437b90d2aa9bf47
P. megakarya,HQ261357.1,680,db66190a00390f595b8f1593ef37de2c43cf43c2508a9e0b8a7df546f0495fc8
P. megakarya,HQ261358.1,680,09999a3b82a4640bcc989ba1fe4d52c3ab06601eb53638be86ff54e9d8f17fbe
P. megakarya,HQ261609.1,783,6b92ffeced38db1bb7f969778712d7345a07e7825cba09b2ad519ac829095646
P. megakarya,HQ261610.1,766,3c9ff71128c22527f358ff8b5c8a352099dfc49ac1a4d6a7d3bb20dec9173df9
P. megakarya,HQ261611.1,783,6b92ffeced38db1bb7f969778712d7345a07e7825cba09b2ad519ac829095646
P. megakarya,JN635089.1,1705,68b757e75bee3970451e5afa28cdcfe88076edfa6938e6c1d1210bbf1d1eaa48
P. megakarya,JN635247.1,1704,b13b3a9a01f920ebeb4db9dae25d66bf6403170e30257bc37dc048c7c924903f
P. megakarya,JN635250.1,1704,b13b3a9a01f920ebeb4db9dae25d66bf6403170e30257bc37dc048c7c924903f
P. megakarya,JX315261.1,818,c1fe2d423004d830cba5039a312f7eaf994e65045a1d94cef66ff9a9d2c42fcb
P. megakarya,JX315262.1,824,f83b219429e5e451fe56c4b58f10c0e4e29d0176c183a701676af7a283ed294f
P. megakarya,JX315263.1,824,f83b219429e5e451fe56c4b58f10c0e4e29d0176c183a701676af7a283ed294f
P. megakarya,JX315264.1,824,f83b219429e5e451fe56c4b58f10c0e4e29d0176c183a701676af7a283ed294f
P. megakarya,JX315265.1,824,f83b219429e5e451fe56c4b58f10c0e4e29d0176c183a701676af7a283ed294f
P. megakarya,JX315266.1,818,1b5bab671d5a427e7f8f6433f30ec97db1343e28190867126682550025f809bb
P. megakarya,KF317085.1,783,6b92ffeced38db1bb7f969778712d7345a07e7825cba09b2ad519ac829095646
P. megakarya,KR818099.1,783,6b92ffeced38db1bb7f969778712d7345a07e7825cba09b2ad519ac829095646
P. megakarya,KR818100.1,783,6b92ffeced38db1bb7f969778712d7345a07e7825cba09b2ad519ac829095646
P. megakarya,KR818101.1,783,6b92ffeced38db1bb7f969778712d7345a07e7825cba09b2ad519ac829095646
P. megakarya,KR818117.1,783,6b92ffeced38db1bb7f969778712d7345a07e7825cba09b2ad519ac829095646
P. megakarya,KR818119.1,783,6b92ffeced38db1bb7f969778712d7345a07e7825cba09b2ad519ac829095646
P. megakarya,KR818120.1,783,6b92ffeced38db1bb7f969778712d7345a07e7825cba09b2ad519ac829095646
P. megakarya,KR818122.1,783,6b92ffeced38db1bb7f969778712d7345a07e7825cba09b2ad519ac829095646
P. megakarya,KR818125.1,783,6b92ffeced38db1bb7f969778712d7345a07e7825cba09b2ad519ac829095646
P. megakarya,KR818126.1,783,6b92ffeced38db1bb7f969778712d7345a07e7825cba09b2ad519ac829095646
P. megakarya,KR818127.1,783,6b92ffeced38db1bb7f969778712d7345a07e7825cba09b2ad519ac829095646
P. megakarya,KR818128.1,783,6b92ffeced38db1bb7f969778712d7345a07e7825cba09b2ad519ac829095646
P. megakarya,KR818129.1,783,6b92ffeced38db1bb7f969778712d7345a07e7825cba09b2ad519ac829095646
P. megakarya,KR818136.1,783,6b92ffeced38db1bb7f969778712d7345a07e7825cba09b2ad519ac829095646
P. megakarya,KR818137.1,783,6b92ffeced38db1bb7f969778712d7345a07e7825cba09b2ad519ac829095646
P. megakarya,KR818138.1,783,6b92ffeced38db1bb7f969778712d7345a07e7825cba09b2ad519ac829095646
P. megakarya,KR818139.1,783,6b92ffeced38db1bb7f969778712d7345a07e7825cba09b2ad519ac829095646
P. megakarya,KR818140.1,783,6b92ffeced38db1bb7f969778712d7345a07e7825cba09b2ad519ac829095646
P. megakarya,KR818141.1,783,2bfabd0273aecad6f2ccb3ffb3212c33de2dc22b063936aef4e4165d3e8bc24e
P. megakarya,KR818142.1,783,cd9976b7c512dad891b7f852a889855a26607d14a1e765e0b0bb01f5924579ef
P. megakarya,KR818144.1,783,6b92ffeced38db1bb7f969778712d7345a07e7825cba09b2ad519ac829095646
P. megakarya,KR818145.1,783,6b92ffeced38db1bb7f969778712d7345a07e7825cba09b2ad519ac829095646
P. megakarya,KR818147.1,783,6b92ffeced38db1bb7f969778712d7345a07e7825cba09b2ad519ac829095646
P. megakarya,KR818149.1,782,cb5ab99e454a9b8fa031b3c4ecc64a65356de23c86f6af827f6a5694e82fe578
P. megakarya,KR818150.1,782,cb5ab99e454a9b8fa031b3c4ecc64a65356de23c86f6af827f6a5694e82fe578
P. megakarya,KR818155.1,783,6b92ffeced38db1bb7f969778712d7345a07e7825cba09b2ad519ac829095646
P. megakarya,KR818163.1,783,6b92ffeced38db1bb7f969778712d7345a07e7825cba09b2ad519ac829095646
P. megakarya,KR818164.1,783,6b92ffeced38db1bb7f969778712d7345a07e7825cba09b2ad519ac829095646
P. megakarya,KR818165.1,783,6b92ffeced38db1bb7f969778712d7345a07e7825cba09b2ad519ac829095646
P. megakarya,KR818183.1,783,6cdd8c00e7736ce67e37abea7c24490af74be9c6d1fe194bc22c72cd3e3c1980
P. megakarya,KR818184.1,783,6b92ffeced38db1bb7f969778712d7345a07e7825cba09b2ad519ac829095646
P. megakarya,KR818185.1,783,6b92ffeced38db1bb7f969778712d7345a07e7825cba09b2ad519ac829095646
P. megakarya,KR818187.1,783,6b92ffeced38db1bb7f969778712d7345a07e7825cba09b2ad519ac829095646
P. megakarya,KR818188.1,783,6b92ffeced38db1bb7f969778712d7345a07e7825cba09b2ad519ac829095646
P. megakarya,KR818189.1,783,991a55645df1f0ccb27b388b844f9d47d02d1c6efcabf0474f91319ed274d322
P. megakarya,KR818190.1,783,6b92ffeced38db1bb7f969778712d7345a07e7825cba09b2ad519ac829095646
P. megakarya,KR818191.1,783,6b92ffeced38db1bb7f969778712d7345a07e7825cba09b2ad519ac829095646
P. megakarya,KR818201.1,783,6b92ffeced38db1bb7f969778712d7345a07e7825cba09b2ad519ac829095646
P. megakarya,KR818203.1,783,d485b6fe836f29fdd17baf63f6cfb94cc713e811992cfc48897ee61e27d2f88d
P. megakarya,KR818206.1,779,5eb1297be776eb0af37b2caaaf1dbb5e1f2b8937eb2529e12f3aa51bce13743b
P. megakarya,KR818209.1,781,f0e769e9638290a6fcd282b38da0b735793b7604c5f1d89092a217c8e600e45a
P. megakarya,KR818210.1,783,6b92ffeced38db1bb7f969778712d7345a07e7825cba09b2ad519ac829095646
P. megakarya,KR818211.1,783,6b92ffeced38db1bb7f969778712d7345a07e7825cba09b2ad519ac829095646
P. megakarya,KR818212.1,783,6b92ffeced38db1bb7f969778712d7345a07e7825cba09b2ad519ac829095646
P. megakarya,KT183040.1,783,6b92ffeced38db1bb7f969778712d7345a07e7825cba09b2ad519ac829095646
P. megakarya,KX251032.1,1262,39ae167eb9045f6b228e6a5b1d3229c0fdf0ce930e4c13b736482191ab6a817f
P. megakarya,KX251039.1,1262,4ec551b6ed1414cdd9b863ae9858219705899a5ebbb2a44e417fffb67af9bb4d
P. megakarya,KX251046.1,1262,39ae167eb9045f6b228e6a5b1d3229c0fdf0ce930e4c13b736482191ab6a817f
P. megakarya,LC595791.1,783,6b92ffeced38db1bb7f969778712d7345a07e7825cba09b2ad519ac829095646
P. megakarya,MG865533.1,821,af0f6793e59daf11feb27c425e327347605e2889e265ff3622567c94f47e0aa7
P. megakarya,MG865534.1,818,f8c6cce60ea1485f02384d643f744cbdc368ad929f3d7c03b88c3434c219b47b
P. megakarya,MH401202.1,871,4d5ea5504acd163ae0176987483e36fc6ced0102bee1fc9f908af130a61729f5
P. megakarya,MH401203.1,870,331b49cbb7bc282cd864bc01c9b9343b6edcc63df71d00815531da857b764424
P. megakarya,MH401204.1,871,0175f9c3288292202a17f7b1e7d052298f462c3d33b56fe16e8edd7671866fd1
P. megakarya,MH620121.1,783,bd0b02a1a957277f0fdc305f09bbc5d61d44d3bd2431ff992473c51c0ed86639
P. megakarya,MZ541057.1,851,e370a6d207b9ee1943022b4151261147b39d176261a2598b2e664294a73a0416
P. megakarya,MZ541882.1,852,41cf637d329cc6804b5b3d8c8e406a871f5c9600913d2bd2a032ddfe2c916672
P. megakarya,NBNE01000143.1,37416,9d4b7579758949074aba815ef3549ecbea2a0399fcf037af64da0215604bec8f
P. megakarya,NBNE01003487.1,6985,d161ff2d569d88ca78f42cb94e62e0af096cb6b3da3c29540dcf448b9b946603
P. megakarya,PQ157645.1,549,18c300ad82e62d2297cf4a2a94c132ab00638e3be963f7bc1c91a487214895f3
P. megakarya,S40356.1,251,8276c80ad47fb882984bb4fe1464229513996d3343bc011ec47f5698f1544c17
P. megakarya,S40358.1,439,d5d59e4b2d16f2e573c07ae790d7b511aeb9752221ec0906a81d9e04fe580cff
P. palmivora,AB367357.1,786,cfca8f7401ebed3ec7fb8280b441d408c0355421701ea99c18884e4ddae32d79
P. palmivora,AB367358.1,786,cfca8f7401ebed3ec7fb8280b441d408c0355421701ea99c18884e4ddae32d79
P. palmivora,AB367359.1,786,fc04a41093f49ff4c8480c09692ef6a9b5c1972b80dffe3e132e10bb7d87634b
P. palmivora,AB367360.1,786,cfca8f7401ebed3ec7fb8280b441d408c0355421701ea99c18884e4ddae32d79
P. palmivora,AB367361.1,786,cfca8f7401ebed3ec7fb8280b441d408c0355421701ea99c18884e4ddae32d79
P. palmivora,AB367500.1,786,3c499091cdb20d6c9e24005c30709254003a9ae486c002844557f17ab3199ec5
P. palmivora,AB367514.1,786,cfca8f7401ebed3ec7fb8280b441d408c0355421701ea99c18884e4ddae32d79
P. palmivora,AB669142.1,780,c4e6aac25c23742b529a831322530c3d61681b27f177282470546dd86673fb1b
P. palmivora,AB688395.1,786,cfca8f7401ebed3ec7fb8280b441d408c0355421701ea99c18884e4ddae32d79
P. palmivora,AB688396.1,786,cfca8f7401ebed3ec7fb8280b441d408c0355421701ea99c18884e4ddae32d79
P. palmivora,AB688397.1,786,cfca8f7401ebed3ec7fb8280b441d408c0355421701ea99c18884e4ddae32d79
P. palmivora,AB688398.1,786,cfca8f7401ebed3ec7fb8280b441d408c0355421701ea99c18884e4ddae32d79
P. palmivora,AB688399.1,786,9f4c4e44b4afe08af403664686cef2778f732e29fec880715a61e45eb66a5908
P. palmivora,AB688400.1,786,3c499091cdb20d6c9e24005c30709254003a9ae486c002844557f17ab3199ec5
P. palmivora,AB688401.1,786,cfca8f7401ebed3ec7fb8280b441d408c0355421701ea99c18884e4ddae32d79
P. palmivora,AB688402.1,787,d4ea0cb7663a203fd8c1905fa9b33135535ff801de3d938ebc3b217f48b6fc9a
P. palmivora,AB688403.1,786,cfca8f7401ebed3ec7fb8280b441d408c0355421701ea99c18884e4ddae32d79
P. palmivora,AB688415.1,786,c43fcae20e15d705fdc3fe3e9818ab6a3bff0df681d6a036d0e26556528a87c7
P. palmivora,AB688416.1,786,cfca8f7401ebed3ec7fb8280b441d408c0355421701ea99c18884e4ddae32d79
P. palmivora,AB688549.1,710,7b5b09caf0d27df883508990ffd71be3b6a0d708f103d410fd6054c31f785a30
P. palmivora,AB688550.1,709,d01a770ec0d80ecbcf936c077c73b95ef499ed6c8cdc70685c2c9423f732fee3
P. palmivora,AB688551.1,710,600bf0c982fa5b10ab13da95a661dbd90a377e79b5b9b381d740f3cf6ead098d
P. palmivora,AB688552.1,710,600bf0c982fa5b10ab13da95a661dbd90a377e79b5b9b381d740f3cf6ead098d
P. palmivora,AB688553.1,707,4496fc2b6afdf2342bd90f3a0099820ddd0d57d777e9899e33584efe528a5ff2
P. palmivora,AB688554.1,709,94e6c5e6453e4e3bb03651b231f36c856493c9cda2a17549f632afea10b20239
P. palmivora,AB688555.1,710,600bf0c982fa5b10ab13da95a661dbd90a377e79b5b9b381d740f3cf6ead098d
P. palmivora,AB688556.1,710,0e08903832babe93fb60d734f7f2471a4bc3ecfdca83e8aa2e487b95b4dbc050
P. palmivora,AB688557.1,710,600bf0c982fa5b10ab13da95a661dbd90a377e79b5b9b381d740f3cf6ead098d
P. palmivora,AB688558.1,710,0e08903832babe93fb60d734f7f2471a4bc3ecfdca83e8aa2e487b95b4dbc050
P. palmivora,AB688559.1,710,0e08903832babe93fb60d734f7f2471a4bc3ecfdca83e8aa2e487b95b4dbc050
P. palmivora,AB688560.1,710,6c5a9b807a957d6e98488dd63b53208f18e056ff9c785e8c007609b77b806aff
P. palmivora,AB688561.1,710,600bf0c982fa5b10ab13da95a661dbd90a377e79b5b9b381d740f3cf6ead098d
P. palmivora,AB688562.1,710,600bf0c982fa5b10ab13da95a661dbd90a377e79b5b9b381d740f3cf6ead098d
P. palmivora,AB688563.1,710,0e08903832babe93fb60d734f7f2471a4bc3ecfdca83e8aa2e487b95b4dbc050
P. palmivora,AB688580.1,710,600bf0c982fa5b10ab13da95a661dbd90a377e79b5b9b381d740f3cf6ead098d
P. palmivora,AB688581.1,710,7b5b09caf0d27df883508990ffd71be3b6a0d708f103d410fd6054c31f785a30
P. palmivora,AB769175.1,787,85fc7c319573ccf5500f10653fc181cd1154513b1df1e233f9f804366e2a2b21
P. palmivora,AF228087.1,837,0b143e4ac372ab34dd58eaaf779404f3372379d529715ed51f1fcb9523ed6498
P. palmivora,AF228088.1,837,03224debc2266aec95f41668e8f81eabbbc4a0f854f1b92c4243f4f95b7f7098
P. palmivora,AF242782.1,213,8c2f99c2abdb0cd5e42c7e62d4713e58add87797b9336e3ce11c1c2c47534208
P. palmivora,AF266780.1,787,78c29398223f04ac81e91e3c83fd79ee0aa3a254c7272b2e8c2c6f7fb478382f
P. palmivora,AF467088.1,852,7a4d1161398979fef94944141964f7abab05420bdf57a1b80016fef2efa8ddcb
P. palmivora,AF467089.1,836,4a5f5afa589c536a12cd55892c2d71e329bc9544dd552a7f305cfd007fc163f3
P. palmivora,AF467090.1,838,412bb86b6e6e32fc979619a7df26f6941b18acc920c0b37c296fb1f4d4d64e9c
P. palmivora,AF467091.1,850,a1a0b6b8236f2ebef4419969851ef1165cc24d87d6d29386995a3955ccde3984
P. palmivora,AF467092.1,841,fd361dca4bf887146e085ee928e460317f104ee9200f04231c50d6620994685e
P. palmivora,AF467093.1,836,84292004b1d1be539af310e0a711c7e771a41b32708145ed5db6aa1236e93b3b
P. palmivora,AF467094.1,837,532ee8083ada1977aef54582b4588f381cba4eca3446be1aeb0861bb5f6e88bb
P. palmivora,AJ517462.1,785,025a9197ae83b44e75e7b6f77260f9697cf95172ca55f81cf6b857be16e26b86
P. palmivora,AJ517463.1,785,0e1f1bf3714040b7982a3e36af8a45db4a23ca4284efe1eff89f72e0effc1a72
P. palmivora,AJ517464.1,786,23480536e1dc97fa14c215288cbc0ea5566e2d3e186a74f6ca1fdf31d462c496
P. palmivora,AJ517465.1,785,3c87fe2237d8176206e3940edf9049277bd7b319a87cf83b32d3e5a6bb1e9e18
P. palmivora,AM422704.1,898,1dc1e9760db6023096ef9cfb2b352ff0f54018eca4c6c169f06b5f1f36dd449a
P. palmivora,AY208126.1,786,cfca8f7401ebed3ec7fb8280b441d408c0355421701ea99c18884e4ddae32d79
P. palmivora,AY208127.2,786,c2b04a0ee9aa9042c5e21f987dc1dd3478d7a79a71832d95b3cf3690a32a26d7
P. palmivora,AY251647.1,785,9e3b980f13badca81ee2d6790fb6dfc25bd49c20a3aa3ce9c4de56ce5a479960
P. palmivora,AY251648.1,785,cd49f70785ddcab00c6d238ad88736dbe5327f78bba8a162cf7e32d773d053bd
P. palmivora,AY423300.1,760,d935828b1d93b602abc1534a30e661e44d2b1da301f1d69ea450b5d659332d95
P. palmivora,AY742734.1,786,c2b04a0ee9aa9042c5e21f987dc1dd3478d7a79a71832d95b3cf3690a32a26d7
P. palmivora,AY742745.1,1805,519c40875b72651356e0415be88a049498cde9cfd0e945dd82e5b29dce88c2ad
P. palmivora,AY744948.1,1805,77ee02b2501e991e4f5c9784252eae4a771643f6197d578c9e2a675618538dc1
P. palmivora,AY744949.1,786,c2b04a0ee9aa9042c5e21f987dc1dd3478d7a79a71832d95b3cf3690a32a26d7
P. palmivora,AY745750.1,657,fbef8dbae7360c3ca333547d90eba2cf83fb0ca2a6cf06e5873d183cdfeda6d9
P. palmivora,AY745751.1,791,0e716d925f8dd79420747bf7c72b4f3dda57a086d27df1621eb402c5ce3bc97c
P. palmivora,AY878546.1,786,cfca8f7401ebed3ec7fb8280b441d408c0355421701ea99c18884e4ddae32d79
P. palmivora,DQ087415.1,684,4b549822eaf4ba06a5736d18530faff0d8b1cca9bd32709fe5073043126efce4
P. palmivora,DQ182740.1,787,d4ea0cb7663a203fd8c1905fa9b33135535ff801de3d938ebc3b217f48b6fc9a
P. palmivora,DQ182741.1,787,d4ea0cb7663a203fd8c1905fa9b33135535ff801de3d938ebc3b217f48b6fc9a
P. palmivora,DQ182742.1,787,ac73727c46f739cae91eb2bd8c319c5825375404d31351743ab27a3e8dfa1f55
P. palmivora,DQ182743.1,787,ac73727c46f739cae91eb2bd8c319c5825375404d31351743ab27a3e8dfa1f55
P. palmivora,DQ182744.1,787,d4ea0cb7663a203fd8c1905fa9b33135535ff801de3d938ebc3b217f48b6fc9a
P. palmivora,DQ182745.1,787,d4ea0cb7663a203fd8c1905fa9b33135535ff801de3d938ebc3b217f48b6fc9a
P. palmivora,DQ182746.1,787,ac73727c46f739cae91eb2bd8c319c5825375404d31351743ab27a3e8dfa1f55
P. palmivora,DQ182747.1,787,d4ea0cb7663a203fd8c1905fa9b33135535ff801de3d938ebc3b217f48b6fc9a
P. palmivora,DQ182748.1,787,d4ea0cb7663a203fd8c1905fa9b33135535ff801de3d938ebc3b217f48b6fc9a
P. palmivora,DQ182749.1,786,33e817a9bc9be4080277280db578f0be977319af7a6a9bdf6c3b07231e848589
P. palmivora,DQ182750.1,786,33e817a9bc9be4080277280db578f0be977319af7a6a9bdf6c3b07231e848589
P. palmivora,DQ182751.1,786,cfca8f7401ebed3ec7fb8280b441d408c0355421701ea99c18884e4ddae32d79
P. palmivora,DQ538511.1,813,9235ce014e9805863af506af4608c78a7af7510be4ef2a82bf9b7cddc4707a6f
P. palmivora,DQ538512.1,829,fc6689f218428a8b05e88c5852142984b92c2703b0f5732631eb5fcf679c0e02
P. palmivora,DQ910798.1,663,e510ce5d169c7a0a290e74c89b6866d2d2aae44c730efaa94097c8c1b60fb9e1
P. palmivora,DQ987915.1,796,911e8b6b77fa7038fb7f4239a1ea7ad9775d6c2d8c52ea1cd26ecbc30ea0dd25
P. palmivora,DQ987916.1,796,911e8b6b77fa7038fb7f4239a1ea7ad9775d6c2d8c52ea1cd26ecbc30ea0dd25
P. palmivora,DQ987917.1,796,911e8b6b77fa7038fb7f4239a1ea7ad9775d6c2d8c52ea1cd26ecbc30ea0dd25
P. palmivora,DQ987918.1,796,911e8b6b77fa7038fb7f4239a1ea7ad9775d6c2d8c52ea1cd26ecbc30ea0dd25
P. palmivora,DQ987919.1,796,911e8b6b77fa7038fb7f4239a1ea7ad9775d6c2d8c52ea1cd26ecbc30ea0dd25
P. palmivora,DQ987920.1,796,911e8b6b77fa7038fb7f4239a1ea7ad9775d6c2d8c52ea1cd26ecbc30ea0dd25
P. palmivora,DQ987921.1,796,911e8b6b77fa7038fb7f4239a1ea7ad9775d6c2d8c52ea1cd26ecbc30ea0dd25
P. palmivora,DQ987922.1,796,911e8b6b77fa7038fb7f4239a1ea7ad9775d6c2d8c52ea1cd26ecbc30ea0dd25
P. palmivora,EU080343.1,1339,f77a40339e9756fceb7333bbb3c18b58bb713e2ce2de99b95864242eacf20a10
P. palmivora,EU080469.1,1339,c9ac1e50447d1f387ee57ee06553b6c1f345b9efac6533da5b16b43ff131c8d0
P. palmivora,EU194438.1,866,547b43beb3486098a12bea09f5a3613f7ee38059105363939bd476271fe7c76d
P. palmivora,EU515173.1,897,82f212e535139e9037dc93897364388d9966f9ff1b83899864d592a33c84db22
P. palmivora,EU831280.1,780,a18dbadcc149cb661a82cac11497f6116cd48584b9b5f2155240965b64648e60
P. palmivora,FJ527821.1,1028,ff7edec128a6e59c0d543b3d27126b2123d1a22be4d360642d46ea720ca8706c
P. palmivora,FJ666090.1,853,340ef84fd31cb90812f7285cfdfcd6d2fd05415386907fd33b8685c953b828b2
P. palmivora,FJ746671.1,794,07dcf2ce20f867074ee096236728c0d598bedaa803a8c86966a8fa596a2b2173
P. palmivora,FJ746672.1,794,e7eee5ca94a0a2eae399924ab151ef465f4e8a4e53b9646e85e0007b3b162689
P. palmivora,FJ801242.1,786,f8fe5067ec938d951b2a8b86f7c5fb52dfe8f4e267943e1137b3720ffefe83b9
P. palmivora,FJ801246.1,786,cfca8f7401ebed3ec7fb8280b441d408c0355421701ea99c18884e4ddae32d79
P. palmivora,FJ801249.1,786,cfca8f7401ebed3ec7fb8280b441d408c0355421701ea99c18884e4ddae32d79
P. palmivora,FJ801252.1,786,cfca8f7401ebed3ec7fb8280b441d408c0355421701ea99c18884e4ddae32d79
P. palmivora,FJ801259.1,786,cfca8f7401ebed3ec7fb8280b441d408c0355421701ea99c18884e4ddae32d79
P. palmivora,FJ801316.1,786,19cb8f33cb5eaff7b8cdc243d8232e8f1d2dd97102116f332cdb0fdb7628d2fc
P. palmivora,FJ801432.1,786,148c950447abbbe1117d627b06f2b91b283eba5866bd543b496e38fc7171feed
P. palmivora,FJ801433.1,786,cfca8f7401ebed3ec7fb8280b441d408c0355421701ea99c18884e4ddae32d79
P. palmivora,FJ801434.1,786,cfca8f7401ebed3ec7fb8280b441d408c0355421701ea99c18884e4ddae32d79
P. palmivora,FJ801519.1,787,8e1688b0e8dd29514fda6c840b79b1f7abd8caf776ae3f9fa49b5cd901c42b06
P. palmivora,FJ801520.1,786,cfca8f7401ebed3ec7fb8280b441d408c0355421701ea99c18884e4ddae32d79
P. palmivora,FJ801544.1,789,816560cb2c3d3de85d484ec4ffa41a9b3d5c6fdf9e38bb5b51251d00f0e4c010
P. palmivora,FJ801548.1,786,cfca8f7401ebed3ec7fb8280b441d408c0355421701ea99c18884e4ddae32d79
P. palmivora,FJ801576.1,786,cfca8f7401ebed3ec7fb8280b441d408c0355421701ea99c18884e4ddae32d79
P. palmivora,FJ801578.1,786,cfca8f7401ebed3ec7fb8280b441d408c0355421701ea99c18884e4ddae32d79
P. palmivora,FJ801628.1,786,cfca8f7401ebed3ec7fb8280b441d408c0355421701ea99c18884e4ddae32d79
P. palmivora,FJ801642.1,786,23b95e5817847888969803721369b6f347ff6f8060bbcb57925a4116753b6aa9
P. palmivora,FJ801918.1,787,d4ea0cb7663a203fd8c1905fa9b33135535ff801de3d938ebc3b217f48b6fc9a
P. palmivora,FJ801921.1,790,e4c4d66f7342b84346e9c6388bab37f135d9fef418ebe5c7900b52e07365023d
P. palmivora,FJ801962.1,787,3780ca7a66e6d244e33ec455b23d70e9a2276a98dae3f8ebe2bec5bf45b106e6
P. palmivora,FJ801974.1,786,cfca8f7401ebed3ec7fb8280b441d408c0355421701ea99c18884e4ddae32d79
P. palmivora,FJ802105.1,786,cfca8f7401ebed3ec7fb8280b441d408c0355421701ea99c18884e4ddae32d79
P. palmivora,FJ865408.1,870,557b27c685e61728b8fd12b8844f389b949b5fdc413cb91153b12e7a5b1dae21
P. palmivora,GQ131800.1,899,f9c198775bec89baefe48c458f299e9804104fe3f44122d84c27460911dbf598
P. palmivora,GQ398157.1,879,79955c49c43ad000147ff084d604845b253580751c0868eb867358ccd13a4a50
P. palmivora,GQ924478.1,866,2a5d564fe696c4306a61693d910686cba92f637433aabb17e2c444872d2820f7
P. palmivora,GU073390.1,764,4e56baef084d43a022e05e747db31b01e1534554e7eda59a7ba52679f9f3fd50
P. palmivora,GU073391.1,765,6d1902d25daa18416fc4eb3fc818ef9cb5ffd3dea2395511a33c22a3bfb11f03
P. palmivora,GU073393.1,738,6409b266cfef2beeab92181c3e9e25aa12ca35918b64e6b66e4ccf47cd93375d
P. palmivora,GU111646.1,887,356431f231471bf3aa904ba21da04859a9b99a178eece99ca7f02137677b96d3
P. palmivora,GU111647.1,888,33051a2587a83ce965f6d355d4957eb33a1eeef09d1975271459b53791385a15
P. palmivora,GU111648.1,888,2da29317e2396ab379b05c98f33bbe76a88f89f1b14ef853d42f94107dde276d
P. palmivora,GU111649.1,901,cf2d680588a03aca87aa140c94dc41b6a8cb19ec975fa8f0c18a2c9709b98f4f
P. palmivora,GU111650.1,887,f45c630b6943fb321ed3fbdf5884e0bc8c7307d0e7f456e191f26c005e006703
P. palmivora,GU111651.1,889,e3fdc1bb0203674e30e042c12cdabc9079a22d3ebfa1e5f062d9a8101d5f4302
P. palmivora,GU111652.1,901,35d0a7c074137653358849cb341caf32d1466868224e3c96aa2e5b7741a24686
P. palmivora,GU111653.1,896,9a467d2a1b05ea47596f17506dbebf0162cc6db868fe674f449f1dab094a485a
P. palmivora,GU111654.1,902,1797d63332cf2d918d7d36f7fe1956446876c21e0248783a64f6bba180f5b48c
P. palmivora,GU111655.1,902,e7b2840372e1cd5e4f4af69897bdac723159badddb922b96212d661c1a12b72a
P. palmivora,GU111656.1,902,c00a7b10b0590a78e728fcd3ac2b7ebb7a01a6da42ba60362db5ffd688244c34
P. palmivora,GU111657.1,902,e7b2840372e1cd5e4f4af69897bdac723159badddb922b96212d661c1a12b72a
P. palmivora,GU111658.1,901,cf2d680588a03aca87aa140c94dc41b6a8cb19ec975fa8f0c18a2c9709b98f4f
P. palmivora,GU111659.1,902,2cab23496fd3e7fdc9317926d1045167384bc990b20a27c85a206fa341b54d9f
P. palmivora,GU111660.1,901,a6a8548c5d8af820b5ab3a71b8e29b51642315431d7d800e1e188c80eff7ef77
P. palmivora,GU111661.1,902,2cab23496fd3e7fdc9317926d1045167384bc990b20a27c85a206fa341b54d9f
P. palmivora,GU111662.1,902,2cab23496fd3e7fdc9317926d1045167384bc990b20a27c85a206fa341b54d9f
P. palmivora,GU111663.1,898,1f4c07a1ccf26fd5f209beb13846e61bccf5f0c66897bcf97d1494c3ddbd0ec8
P. palmivora,GU111664.1,902,2cab23496fd3e7fdc9317926d1045167384bc990b20a27c85a206fa341b54d9f
P. palmivora,GU258599.1,786,cfca8f7401ebed3ec7fb8280b441d408c0355421701ea99c18884e4ddae32d79
P. palmivora,GU258851.1,786,cfca8f7401ebed3ec7fb8280b441d408c0355421701ea99c18884e4ddae32d79
P. palmivora,GU258861.1,787,8e1688b0e8dd29514fda6c840b79b1f7abd8caf776ae3f9fa49b5cd901c42b06
P. palmivora,GU258862.1,787,0111e49de79b5eea7a4762cfaaac3b19f71bcdda6f37d813ca15eedc1f6be8c4
P. palmivora,GU258863.1,786,ca59d47abccfe7fbefe917a80a477b2e29216c4a75590c039f8fec9d5498ce1e
P. palmivora,GU258864.1,785,82b2b9b883748c94659c0f0891715f816dfa5ba00492289546c1080830e94cfa
P. palmivora,GU258865.1,786,cfca8f7401ebed3ec7fb8280b441d408c0355421701ea99c18884e4ddae32d79
P. palmivora,GU258866.1,785,7027a875b30d00aa4d536eedc7ed56b6e8b6b4fb291eef9029f0859d9e490ca3
P. palmivora,GU258942.1,783,a620d88cacea1d7f99b14a43b10274430b73b796039f70d7a8c833e3a7702b6f
P. palmivora,GU258944.1,786,cfca8f7401ebed3ec7fb8280b441d408c0355421701ea99c18884e4ddae32d79
P. palmivora,GU258946.1,788,237f3c66cc6564748f81cd6794d1696624226458be5fd3d18f711eacddac9f04
P. palmivora,GU258947.1,783,52623ae234907c60215fad9961bf381184995f520ac939fcd457a48251d5ca1a
P. palmivora,GU258948.1,786,cfca8f7401ebed3ec7fb8280b441d408c0355421701ea99c18884e4ddae32d79
P. palmivora,GU258950.1,786,2df5ab567ae03171f43ed1df3b6384404303d7acb6a021c177e015f29e27af85
P. palmivora,GU259018.1,786,cfca8f7401ebed3ec7fb8280b441d408c0355421701ea99c18884e4ddae32d79
P. palmivora,GU259121.1,786,3c499091cdb20d6c9e24005c30709254003a9ae486c002844557f17ab3199ec5
P. palmivora,GU259165.1,786,cfca8f7401ebed3ec7fb8280b441d408c0355421701ea99c18884e4ddae32d79
P. palmivora,GU259334.1,786,cfca8f7401ebed3ec7fb8280b441d408c0355421701ea99c18884e4ddae32d79
P. palmivora,GU259469.1,786,cfca8f7401ebed3ec7fb8280b441d408c0355421701ea99c18884e4ddae32d79
P. palmivora,GU992938.1,820,d4c66edc13ddfdd66178f707cbd73e84e0874bd6739cd29012daca752abd7a77
P. palmivora,GU993909.1,786,cfca8f7401ebed3ec7fb8280b441d408c0355421701ea99c18884e4ddae32d79
P. palmivora,HM182101.1,819,dd1f1c032721a080cf3d1fbe1b15b70020a10306bfb9ddbcfbecfd7308428a88
P. palmivora,HM582093.1,787,e84f5273cf938a85d31d5d0e8ef1c89b0f97c1db1dbd487824964f140748c2a1
P. palmivora,HM582094.1,787,e84f5273cf938a85d31d5d0e8ef1c89b0f97c1db1dbd487824964f140748c2a1
P. palmivora,HM582095.1,787,e84f5273cf938a85d31d5d0e8ef1c89b0f97c1db1dbd487824964f140748c2a1
P. palmivora,HM582096.1,787,e84f5273cf938a85d31d5d0e8ef1c89b0f97c1db1dbd487824964f140748c2a1
P. palmivora,HQ013213.1,786,cfca8f7401ebed3ec7fb8280b441d408c0355421701ea99c18884e4ddae32d79
P. palmivora,HQ237477.1,875,0739532d6c00717eb428b4d1c40cacc8713c5d2e397c88251316388e860b1446
P. palmivora,HQ237478.1,875,0739532d6c00717eb428b4d1c40cacc8713c5d2e397c88251316388e860b1446
P. palmivora,HQ237479.1,876,66af0aaefd434d791826d51d8aa72b01a8bbaf661c7366769f5b54d3f210c21d
P. palmivora,HQ237480.1,875,1f239b7c685980cc11560f3b5a3ddbe7e870ec5869fd9fb162e27c2d2d57da64
P. palmivora,HQ237481.1,875,0739532d6c00717eb428b4d1c40cacc8713c5d2e397c88251316388e860b1446
P. palmivora,HQ261380.1,680,b3ced1d456c3232ed1174e2f8b36be008c41e5ec01f3caf0636dd8c8750060a1
P. palmivora,HQ261381.1,680,b3ced1d456c3232ed1174e2f8b36be008c41e5ec01f3caf0636dd8c8750060a1
P. palmivora,HQ261382.1,680,b3ced1d456c3232ed1174e2f8b36be008c41e5ec01f3caf0636dd8c8750060a1
P. palmivora,HQ261383.1,680,b3ced1d456c3232ed1174e2f8b36be008c41e5ec01f3caf0636dd8c8750060a1
P. palmivora,HQ261633.1,787,e68645e4e5075d7e13d6b6ae4317f13ad207fc8c483c385bf643683ff9e8f232
P. palmivora,HQ261634.1,785,0e1f1bf3714040b7982a3e36af8a45db4a23ca4284efe1eff89f72e0effc1a72
P. palmivora,HQ261635.1,786,cfca8f7401ebed3ec7fb8280b441d408c0355421701ea99c18884e4ddae32d79
P. palmivora,HQ261636.1,708,89066856f648d5a400875d4e1f9d406062f2da1d427a115ce825c563ea7c5c11
P. palmivora,HQ446453.1,644,1ff35ad0813fdae4944b65aa6fc7458997b30c2d8ad87ebd94126fcbffe7f40a
P. palmivora,HQ596556.1,787,0812daae5e553f5314b23f121f9030905a32c10f00ca5e8dc998f973d2c78fc7
P. palmivora,HQ596558.1,821,b464213fd165c6d127badd612a4c142674d5fa3c495aaa36d610e82df806412e
P. palmivora,HQ643305.1,786,cfca8f7401ebed3ec7fb8280b441d408c0355421701ea99c18884e4ddae32d79
P. palmivora,HQ643306.1,786,897efebc851a61909e8ad0fd128bd4a320f9184d7461463035f6debec651dc0f
P. palmivora,HQ643307.1,786,cfca8f7401ebed3ec7fb8280b441d408c0355421701ea99c18884e4ddae32d79
P. palmivora,HQ643308.1,777,adb97338054f28ffb2b8909961ea78f3d63932610226d27268a517db4972c9ed
P. palmivora,HQ659668.1,887,72b46bfa2007b9b3cef55d16f89dc19d89c73bfe1d1bf0acbc8fd7e5a37f098f
P. palmivora,HQ665195.1,1338,165a543a6cc291ec94bcac863c68a1026a863c416ddf20616689d327412ccf0e
P. palmivora,HQ708355.1,664,6b1f0844b0b20d5da744b9de13551e3702a519c9f609d7b66bf47f835fbd8dec
P. palmivora,HQ708356.1,680,ff01dce69e6b4300e6cb4aefd4dfb824222f97d71ebe2cf23442a4266e8f21c3
P. palmivora,HQ708357.1,680,b3ced1d456c3232ed1174e2f8b36be008c41e5ec01f3caf0636dd8c8750060a1
P. palmivora,HQ708358.1,498,501a301a8a2f47fc06fb4e2c66fa9353271678c8bd83e0ddd277c329a908503e
P. palmivora,JF278081.1,822,236df6b0b4c171d97bdbdf5378eebcc17ff5beba043b097740e184fffac75128
P. palmivora,JF777117.1,787,d4ea0cb7663a203fd8c1905fa9b33135535ff801de3d938ebc3b217f48b6fc9a
P. palmivora,JF792543.1,799,c880d044a3c9b393233fc87a3482a2f4d8aa570748b24566a0b4e39f4ded79d8
P. palmivora,JF792544.1,799,fbf9a6a750d12f3c9a5889f449402f92c75f24d1392e66bcb1088e389b665f7a
P. palmivora,JF792545.1,798,a74ea40965e4fbd5a90fd8ffba345c18ad88a642fc26422afbdc3ff20320999f
P. palmivora,JF792546.1,799,fbf9a6a750d12f3c9a5889f449402f92c75f24d1392e66bcb1088e389b665f7a
P. palmivora,JF792547.1,906,0fb4cd33d6c47ce457f490822e1c77e3b49f7e7c9d38a3c36ec2ce2ebf545c48
P. palmivora,JF792548.1,904,9d99f23b0a9bb907adde9f7a55c1a731617910c271cba0fcca5e3f2eab74fe60
P. palmivora,JF799875.1,870,915716679d947a67d2bab907d962d55cbea07b01cf68e8521beed0f89697a356
P. palmivora,JN559844.1,652,285b69cca723a0fb64d93cf2db6b8bb40b03ed466054ad7a91ca60d473d9daa4
P. palmivora,JN559847.1,874,9db4c30f9022eae4e3fe6df466d0d32d9b19c77b57355669d2810b4afc232beb
P. palmivora,JN592513.1,786,a4a48c2b82baf86a7ab35b7a478416168606f61b2dbbe27411fc14230f5cffab
P. palmivora,JN592514.1,785,86f51837ce4c72846cf9c0e2b47967b18fbb13547add3f81e26a21bc326b5b1a
P. palmivora,JN618699.1,825,03334315d0d3470d5f466e3f903a021a9b7e709f830417ea80c911cf4c337d86
P. palmivora,JN618704.1,777,61c0c171b32727d314f4ab94da6aa87f0ec08ab2cc0d8564c188c9c7dd0c7ca4
P. palmivora,JN618795.1,785,96dc962f4fb3e07824ee6812f6d18f00ecee1ef2f3fdd8587b52a3c12ffe749b
P. palmivora,JN618815.1,777,61c0c171b32727d314f4ab94da6aa87f0ec08ab2cc0d8564c188c9c7dd0c7ca4
P. palmivora,JN635074.1,1704,02b7cd894f6110df67dd36178f8947603edf2929b3af3ac6c9a6f6154b5fb3b5
P. palmivora,JN635101.1,1703,33b0ba8b580a309c0b6f94cb137c3984d13201dbf41fe03fe24e76767e65bf2b
P. palmivora,JN635152.1,1703,fd475aa31f690a154ff071322222bbc4bbde76e6c1abf54c68e1552ccc424718
P. palmivora,JN635186.1,1703,2a4fb4a80c5498bcb006ffac67329856e903a71d07bc0bff5f1ca9b6f4faa7cb
P. palmivora,JN635188.1,1703,2a4fb4a80c5498bcb006ffac67329856e903a71d07bc0bff5f1ca9b6f4faa7cb
P. palmivora,JQ354937.1,585,172c8a957c3acd1f37d0f7d64303300e2986792bfd21f9433bf8c415cd7a7a43
P. palmivora,JQ446449.1,767,9d4ae760039eb84d59b6f9c44134349c3484fc270306da9a34dac80ffc781901
P. palmivora,JQ743200.1,777,ee214e84f294d4402ea7cd5da6434f7762a86f5981e22717419d6a95c72c344a
P. palmivora,JQ743201.1,779,add7eddd278293fc421bcffeb6fadc8bb5ac02469cc748760909621db366aaad
P. palmivora,JQ743202.1,777,7f5a0111b7022b2af457ad86481f6e81a8e482b4e8baed0573390463bc965376
P. palmivora,JX155789.1,785,6c012556f7914a3b57e4f18c7e918b2d1c6668c1c9c0d6c2840aa598ce172ead
P. palmivora,JX155790.1,880,de1c74ae94a6e39c14b97f88f3f72f76e7fac93b32d4e7c8e9e0347240513e4a
P. palmivora,JX155791.1,809,0ce013c56e7b6db6033807ae3b71dbeea066c938485ad9144481d02bf193347a
P. palmivora,JX155792.1,763,9f899c68b24e189c6fbd0f548b30f51086395f312e3135dcd2d440388073eb06
P. palmivora,JX155794.1,762,9a99ea0cd07ae67c30bb213d6e7d6a4f2a38db60dc0cbda74dcc58afc921b1b1
P. palmivora,JX155795.1,845,02f663a44ffa0023a82615b3706ae39c441ef435ef23b91bbbd8aa8ed5e89f23
P. palmivora,JX155796.1,440,93ca0fd55fee830024034239d3966113a3bf6ee1e3f38aef439a565653bc29e3
P. palmivora,JX198553.1,764,43a93ce80eabf5dc9108aefc51595ead7303c6fb33f970f69a4ffd3a91d65702
P. palmivora,JX198555.1,766,c7c00b9153c553970325b5fc671eaf71e52b1ba34aa12c147e2d7587531276b1
P. palmivora,JX198558.1,750,1589c80af663b0173521d234999cdacc4343087d609b343088d41f13b4d2bbd7
P. palmivora,JX198559.1,814,5ab0cccebeea9368ce35f7cea3025a9d851e1047ec1db75f45412f448d559861
P. palmivora,JX198560.1,820,c67faeca12418cda312e88e22e999a8d32532e691d4953a4979d97d12a8a13d1
P. palmivora,JX198562.1,854,80007fffc9d2456660c521961eb52a5c63395b2e270d241019451aee4ad79459
P. palmivora,JX315267.1,825,dc6cbf73d93785e800b2df93d3a299a4b45faab1dd9343a718f638c2552aa17a
P. palmivora,JX315268.1,825,dc6cbf73d93785e800b2df93d3a299a4b45faab1dd9343a718f638c2552aa17a
P. palmivora,JX315269.1,825,dc6cbf73d93785e800b2df93d3a299a4b45faab1dd9343a718f638c2552aa17a
P. palmivora,JX315270.1,825,dc6cbf73d93785e800b2df93d3a299a4b45faab1dd9343a718f638c2552aa17a
P. palmivora,JX315271.1,825,dc6cbf73d93785e800b2df93d3a299a4b45faab1dd9343a718f638c2552aa17a
P. palmivora,JX863409.1,1019,8b0f41b6db828abfd308162b15ff8bba4cf4768894ba7a93efb7aaf5a9b03bbe
P. palmivora,JX965378.1,806,41e2c19b463104c6600afaebfa6d7a45b73e9e227cdb37fc2a5d57f29e681fc4
P. palmivora,JX979198.1,753,44edb40d5f4fa89b5f70f9813e75c0db18895a8a529f63265691c2b263e87ae7
P. palmivora,JX979199.1,789,3d7a40bbee404db5d97bc96c8e740ef8e10d1b80f66c9fe7f19a701ce88a58b6
P. palmivora,JX979200.1,753,9b11d66ea47466517d0f2fb02ed1784c5137cc66e11ebc228d9cfaf222fe02b8
P. palmivora,JX979201.1,776,6aa3582eb86d9e0cceb4fa84d37b4df77e0a7ab7b9901729edc4f95e42d794f0
P. palmivora,JX979202.1,769,b3659153fea5fde85d23662e82e02559656ef9c21afb5e5551f7cda44305fae7
P. palmivora,JX979203.1,769,0d9d70bf16d347002ebe9ffcd9971e4c536b23b1d00a06f83cbb28f8cb83b32c
P. palmivora,JX979204.1,704,d72bf5a6321250a4f4ad8b421d0e7a544f54eebf37d38805961acecca31a1a9c
P. palmivora,JX979205.1,703,f9937416d15621b7704aa27e692c857bf13414dbe7e489117bf472c2e2d6ceec
P. palmivora,KC131229.1,610,22a6fc0b9342bf502e9711447ca7b6d54bdb07987a75f4e9c25efe9eaddc02e9
P. palmivora,KC297105.1,751,04512115e305b86516ae9126ce5bceccf4f5b019a14a2dcc0212680b41b8a0c4
P. palmivora,KC415911.1,779,78b8cd7cef5edc241a9446d3fe67e1d34c9815904ba4aaee1cc777dbd68e6cfd
P. palmivora,KC415912.1,733,6991c373828a1c40f845938b5eb1545f823171db4550675650f78fc82edb7a8e
P. palmivora,KC415913.1,750,fd70aac81c33019360dd188fa5ee2c8a6dbebd4eb7560ef8abf9fc4f63ee1346
P. palmivora,KC415914.1,753,b240a21e150a21c304a47c53764e908e5f4005ca9113785dabc1900eb7aee1b2
P. palmivora,KC415915.1,744,39d8ab070b3b5c9892de5e4b94844e68cd18a831e87c2fa3d3753c3ef204548c
P. palmivora,KC415916.1,829,65396a99b20450e73ce5c25ecf2781b37e3a76674c613aab883a0fda7ee7e64f
P. palmivora,KC415917.1,847,f6a7edf2fa93d77567b8f58826a3c80b2c33b1988380e47f357300a37443c7fb
P. palmivora,KC415918.1,844,6854e447ef290c0a0e5f97f820e6a272169953e0070d51d2503eed85771c5a6c
P. palmivora,KC415919.1,787,a33fba1314805629153b722f61ca44fe0d320991f25fd0c0f7d74fe505faa2d9
P. palmivora,KC415920.1,854,80851bf1b0f39171b18459663652049ba0029364cdc819a4092ad379aeb2e4be
P. palmivora,KC748462.1,786,cfca8f7401ebed3ec7fb8280b441d408c0355421701ea99c18884e4ddae32d79
P. palmivora,KF010299.1,895,786d69a69c6c5e77ae6d165ce12c6533150eba4b900973154edf9c4b7e4d97ed
P. palmivora,KF010306.1,895,4f4641cf6a7d2ebf0d0811288fa8e5071abb78d1d7d60a4d8ec906154a4cf505
P. palmivora,KF010307.1,895,8f11909157d01f3242df7f556628f9428e61d1b8ef11ca8c0455a829bb7b71b2
P. palmivora,KF010308.1,895,4f4641cf6a7d2ebf0d0811288fa8e5071abb78d1d7d60a4d8ec906154a4cf505
P. palmivora,KF010309.1,895,6259b5f2b2d800a0b6a778f2ffbaa3daab9b1d5162cb16ac401ef42c28b7e096
P. palmivora,KF263691.1,900,ac784c4ba6db1bd145c3ecb3ef00f2c989fa5c62b243aad0d35455667458446f
P. palmivora,KF317086.1,786,cfca8f7401ebed3ec7fb8280b441d408c0355421701ea99c18884e4ddae32d79
P. palmivora,KF611668.1,874,7572291e140ba91c99ce66ceb80978b4de548b684999cd9c18661a87efb6597d
P. palmivora,KF611669.1,874,874021c870bc5000681ecfa27fb3b301e4a8728457918f473f17a0c6ed9acd4d
P. palmivora,KF611670.1,873,ec572cf6e3419e9d0c8066d7c15a819a772857505ff42d8fdc571bf3f9a1f362
P. palmivora,KF723832.1,818,291a084b133457aa3fd6ace5d2f73dbee82a008ef0abf502c7831152d2307a07
P. palmivora,KF723833.1,818,72377808b0255db15b528be57ef8dbc1642ec39fbc889de163ced3943c5637e8
P. palmivora,KF723834.1,213,ae7dc129fcd3112d9d5a76e7281605a2b10162923433bc66d3115f81555c1ad9
P. palmivora,KF723835.1,818,72377808b0255db15b528be57ef8dbc1642ec39fbc889de163ced3943c5637e8
P. palmivora,KF723836.1,818,1a9c948e6c20d9ce6dbe8e4f0c7404e355bd21571853450b944e7e2f78c1ed23
P. palmivora,KF823978.1,786,28266f450d61789f4b7a96e6c55555c377b5a40fc604e2424a606f223744b0a2
P. palmivora,KF823979.2,782,cde583433c65e3726f8710ea06e05b0de1d4c71d333daf7638a0d89432f53756
P. palmivora,KF831193.1,818,72377808b0255db15b528be57ef8dbc1642ec39fbc889de163ced3943c5637e8
P. palmivora,KF831194.1,818,72377808b0255db15b528be57ef8dbc1642ec39fbc889de163ced3943c5637e8
P. palmivora,KF831195.1,818,72377808b0255db15b528be57ef8dbc1642ec39fbc889de163ced3943c5637e8
P. palmivora,KF831196.1,213,1ef538cdded2ce271b10c2a6252d8644b23134e59fdac92e739c3f5188059151
P. palmivora,KF831197.1,213,ae7dc129fcd3112d9d5a76e7281605a2b10162923433bc66d3115f81555c1ad9
P. palmivora,KJ144771.1,656,82151e8df06ebd5c03c14f75844e2cc974015c134f1074e40c10062541e8148e
P. palmivora,KJ144772.1,796,69b117964ab842671d2effeafb99029543ba810917f67dd0a6d4e7c5839f75c5
P. palmivora,KJ144773.1,802,cf305405673f67ec92ea78f26ab95de880abe01a7bc90be515561defcc37b124
P. palmivora,KJ144774.1,799,e45a4706b9209379d9f38902c0277e6cd83e33c89cfabf79f82993226a7074f0
P. palmivora,KJ144775.1,840,cd32121ee6c73bdbd7323bf82ef5af40f09285419e2cd6156987845d3a579c63
P. palmivora,KJ144776.1,832,be87e921f26e9d72a885fda7c81ddefb8f83a24dc2ecac528a13091d92e47362
P. palmivora,KJ144777.1,804,5a2b9aebcd2b268ede974f85809ad88c2a848224573e595302fd356b1dd0eba9
P. palmivora,KJ144778.1,709,f37cd7c849299e2bd21672c43bda0bec9f816b0b6ca9672fe9aabd4be99ead85
P. palmivora,KJ144779.1,819,e1528b750d9cb65d83e9358541816085a26ff14acb964ef5cd56ad3c80484286
P. palmivora,KJ144780.1,829,8c41e302f22581c47d19eee8800ac35bc8a1fd584e0658586e23a693baf7a6e6
P. palmivora,KJ144781.1,838,182d4fcf36959b3e056de1af016dbfdb9759ec893db8c0324dacfb23bfa0e4af
P. palmivora,KJ144782.1,799,00054a18131a4b94bb448b6de7107801e686941076592dcf554b92944e814a21
P. palmivora,KJ144783.1,804,952ddaddb602b6231a70b2fe936bbaa83157de4d0421e44d4986fdb629f041a0
P. palmivora,KJ144784.1,797,9ddb8af0893d763c897e2950f273a867602d85f6237a865dc1f8ad4b08227033
P. palmivora,KJ144785.1,808,34c82de1fcba87611cb1e4a604b6362308d37f9ad812cb6e7119d5ec37533818
P. palmivora,KJ144786.1,824,e5606a59b72fbf33689e8f67d87dc5ea4d991d9ef3102c2f3987cd5d3f833f1f
P. palmivora,KJ144787.1,804,5a2b9aebcd2b268ede974f85809ad88c2a848224573e595302fd356b1dd0eba9
P. palmivora,KJ144788.1,832,a196cf97207d0248c2c22fd1808224b05f26e3fa10706f24222475d7b80c6853
P. palmivora,KJ144789.1,781,855222200897feb53a6d0d4666fe17eb76bf194ba0f908b89409507014d8ef24
P. palmivora,KJ144790.1,788,83ee22c17430f45c7abb297f9ef0b4aa51e96704f67612271c019aba744f9576
P. palmivora,KJ144791.1,763,8337ecbbe674cd6736ecd2bcf85c49080a27d9c61c279bb0c4a0e5bc57e6af3b
P. palmivora,KJ144792.1,747,8397bb4679b8e8148e1ed247368888a453203e704f788b900189e0c724831ac3
P. palmivora,KJ144793.1,807,a85ed82b1ef2e50090d26592567bd5d82a5b7c87c57754b749dc85484a55985b
P. palmivora,KJ144794.1,839,754a5f125f4806aa63d7609ffdbf26b76398c71821dd2ccab790ef247d070f6a
P. palmivora,KJ144795.1,817,d0613614806002e0967362ecfc8b1ceeef58f3c6812bd479be79fc8f0ef68ca8
P. palmivora,KJ144796.1,785,d3a08dffdfb5fffbe8efc2203ff7130a62c9e829f0ca9aa51c7e5924785110ef
P. palmivora,KJ144797.1,789,e0b1aad8bfbc5f440c0cb35079ddf5411516550abf2da1d1969eba4fa7ddbcd1
P. palmivora,KJ144798.1,783,843d1722892569455cea0e0a5ca46b1c5a7ae00e79bd2a81f95176a625d7d0f5
P. palmivora,KJ144799.1,753,626720f4be3887fc154897ff67b57f141a2c6256cbabd1fc257c693189e23e40
P. palmivora,KJ144800.1,804,c8850ee9e416b1783ae094d7aa5076c1587870e450ad324e78399846b06ee746
P. palmivora,KJ144801.1,776,22b05d28985c40b56d324e22f984c3d85dfd1098acd29cde87741bb28c0f25f7
P. palmivora,KJ144802.1,802,50d13ddd5f4432cc18b506e5cd623e7a8ed3283a4aacc1c92650a6e5e7300cfc
P. palmivora,KJ144803.1,805,46ff25b873693558b121d73f5e1d3a3f4a9d558bd953ce8ba7fc829fdbe9bc0a
P. palmivora,KJ144804.1,751,7ccfdfb5825ff59f8d224f12f36bc09f55c7b149fbb080d2380fc23bc67c5b3f
P. palmivora,KJ144805.1,784,0794376b4489debd9b88f0764c8eaecb097cf40ede6f5481533882117759a8c3
P. palmivora,KJ144806.1,771,12f2f9266d157f51ef483a0282179b3eb8969edf07c6e03fc1e5e0f149e12850
P. palmivora,KJ144807.1,795,24d7148bb127c58142ea8305d38e6f9c63a65984055ba9ca03cfcf7deed670cd
P. palmivora,KJ144808.1,763,c6446a0ac7bc04cda82c5904951ccc33175abb19b01ede79fcfbce5a5762c776
P. palmivora,KJ144809.1,750,cf0791d8ad1b141eaccf93278c4cf1debaf503e99a43648ba12433e9ecfb9889
P. palmivora,KJ144810.1,745,7320ec297a602e6594d829b12002a9e148f1ef1ea7045b73fe6e64c71dccf2df
P. palmivora,KJ144811.1,792,772970aacb8c2554df0fbc4f35ef8ef458334f37145ae1edc0951c12d2d04006
P. palmivora,KJ144812.1,817,6869da9a2d7306a57e79d910779285f3a471f16c634dc61a0568cacc69166d06
P. palmivora,KJ144813.1,756,3082d29539f05eff23d088522d974a3f1aa3fdbe2c77b805a37183c020e51d2e
P. palmivora,KJ144814.1,756,3082d29539f05eff23d088522d974a3f1aa3fdbe2c77b805a37183c020e51d2e
P. palmivora,KJ755111.1,865,aa00d8506734871aa4cc46818ff432440ca9b8da9ef0c5a884a7d8f3338091a4
P. palmivora,KJ801810.1,786,cfca8f7401ebed3ec7fb8280b441d408c0355421701ea99c18884e4ddae32d79
P. palmivora,KM206279.1,786,96e713c3563b98246c20f71121c73b2d7fd7d29212d644109e983fbc81d09ffd
P. palmivora,KM378659.1,254,603a7ce38ed3d7233b205fb3e50151b77e5efe21d9d62e4d9ae5923da77233d9
P. palmivora,KM378660.1,401,4a2b9c9e59531c218bf343f2bb27384e677936199af62c6e568e28c49a3f8b68
P. palmivora,KM378661.1,232,934bdf15b3d30989d62e50288676bccf72f7972cd2503ee17566bcf4f16f0544
P. palmivora,KM378662.1,269,c2a6e93ef13139109b3dec22c1b72e48ad099022a126d5f138d3d77471673963
P. palmivora,KM408100.1,200,ef7dc83e0b9a6e7a89f5b24022a85e6bd767b7fdf511a730d6547a03891d80c4
P. palmivora,KM408101.1,200,4ccc3146bd11d98d4aaafa808d9c67c89c242eb5dec441e100e10a6734e6420a
P. palmivora,KM408102.1,200,dce5985a6a842c83ab1dff4d4821dbeb3eae76e9294edcd9b72a8422228ff34b
P. palmivora,KM408103.1,200,bcb70ab63e9fc066c12a7a4336f28c4924eef2e5fed48458549fa640aded9eb8
P. palmivora,KM408104.1,400,4f34b759919bdbbc1618a796ec2e9b446683099f613a5ba438ed4c035c469171
P. palmivora,KM408105.1,250,fc51e013c0976475309f664629cf291dd205ca2f244ccc642aeaa196becf7180
P. palmivora,KM408106.1,200,bfb47c41a459f026a68d740267c7a9ad9b27aaf8cebeebfd2f9f72590b9c5b61
P. palmivora,KM408107.1,300,8cf3678d95c58aa6a69bfcd94128b157ef175c77fcab7390a5467aea08df3001
P. palmivora,KM408108.1,200,4ccc3146bd11d98d4aaafa808d9c67c89c242eb5dec441e100e10a6734e6420a
P. palmivora,KM408109.1,250,c9ff6d04c7963f79986ce7e6f81ad555e34a8b9b64803374235001f8692e61bd
P. palmivora,KP183963.1,905,4cc8f9633aec70d35977f184c6205e6df46bf1383cabb75066ce6ed1f6f0788a
P. palmivora,KP796405.1,749,c0ab5dada544dfd16fb2b43985e8b1e17dc4444c54bb7d387c2a8e681ec6d96e
P. palmivora,KP796406.1,763,62242e054cfa75f67209dc1f1a43cfdeb6a12ce49d5610fbca4c2bfeeb45050e
P. palmivora,KP796407.1,758,c9987d19a74ed2d5b9a9aeb876c01d719e94d31ac998a9536d1c14574ebc484c
P. palmivora,KP796408.1,758,c9987d19a74ed2d5b9a9aeb876c01d719e94d31ac998a9536d1c14574ebc484c
P. palmivora,KP796409.1,759,e44f710685fd702b599787b2d33e1a01788468295892c7cc918e13b5a1b15590
P. palmivora,KP796410.1,751,54e65aa6dbe18c8e8425cdda3defa0343403363a0a1357a658684afbdb4fd2ff
P. palmivora,KP796411.1,766,e6c4c29e6023e47c907d86e06b9188afe985a308e0954f3d6f9fd5320035052e
P. palmivora,KP796412.1,756,4eecd11de5d93bf2acf38ee96f631ab2d8a259117328de69f7bd01987fdb09bc
P. palmivora,KP796413.1,771,07f1ef5ed74329d30f2cec9820a4a0adef65264db72866291b06e361594dfba9
P. palmivora,KP796414.1,758,bfd85450453469b37b2e1448eab669a7d3ac46bfafb53d657b998f589a555c90
P. palmivora,KP796415.1,758,bfd85450453469b37b2e1448eab669a7d3ac46bfafb53d657b998f589a555c90
P. palmivora,KP796416.1,758,bfd85450453469b37b2e1448eab669a7d3ac46bfafb53d657b998f589a555c90
P. palmivora,KP796417.1,765,b1b54266a7d11d8eb5a66dc5206730f9004986be9decba68e9ee3ae0c3eb212f
P. palmivora,KP796418.1,750,3805fc120cd67d0cfe650e959644058422d9efae5b1da1b473dcb0f08a5ffec5
P. palmivora,KP985656.1,723,f550b856d84bd1021ddbb5b89ab91d3b1491c1faa289228fd0ef0c90db90b366
P. palmivora,KP985657.1,723,f550b856d84bd1021ddbb5b89ab91d3b1491c1faa289228fd0ef0c90db90b366
P. palmivora,KP985658.1,723,f550b856d84bd1021ddbb5b89ab91d3b1491c1faa289228fd0ef0c90db90b366
P. palmivora,KP985659.1,723,f550b856d84bd1021ddbb5b89ab91d3b1491c1faa289228fd0ef0c90db90b366
P. palmivora,KR706030.1,779,d84d4d60b0dad0c8c407b1c032e58fa9525f5433edebddd925aebdd90faab61d
P. palmivora,KR818094.1,786,cfca8f7401ebed3ec7fb8280b441d408c0355421701ea99c18884e4ddae32d79
P. palmivora,KR818095.1,775,ef0d162a2c883ceebbc1283d9daf8206c6dbd478365269540b9660a5792a0d31
P. palmivora,KR818096.1,786,cfca8f7401ebed3ec7fb8280b441d408c0355421701ea99c18884e4ddae32d79
P. palmivora,KR818097.1,786,cfca8f7401ebed3ec7fb8280b441d408c0355421701ea99c18884e4ddae32d79
P. palmivora,KR818098.1,786,cfca8f7401ebed3ec7fb8280b441d408c0355421701ea99c18884e4ddae32d79
P. palmivora,KR818102.1,786,cfca8f7401ebed3ec7fb8280b441d408c0355421701ea99c18884e4ddae32d79
P. palmivora,KR818103.1,786,cfca8f7401ebed3ec7fb8280b441d408c0355421701ea99c18884e4ddae32d79
P. palmivora,KR818104.1,786,cfca8f7401ebed3ec7fb8280b441d408c0355421701ea99c18884e4ddae32d79
P. palmivora,KR818105.1,786,cfca8f7401ebed3ec7fb8280b441d408c0355421701ea99c18884e4ddae32d79
P. palmivora,KR818106.1,786,cfca8f7401ebed3ec7fb8280b441d408c0355421701ea99c18884e4ddae32d79
P. palmivora,KR818107.1,786,cfca8f7401ebed3ec7fb8280b441d408c0355421701ea99c18884e4ddae32d79
P. palmivora,KR818108.1,786,cfca8f7401ebed3ec7fb8280b441d408c0355421701ea99c18884e4ddae32d79
P. palmivora,KR818109.1,786,cfca8f7401ebed3ec7fb8280b441d408c0355421701ea99c18884e4ddae32d79
P. palmivora,KR818110.1,786,cfca8f7401ebed3ec7fb8280b441d408c0355421701ea99c18884e4ddae32d79
P. palmivora,KR818111.1,786,cfca8f7401ebed3ec7fb8280b441d408c0355421701ea99c18884e4ddae32d79
P. palmivora,KR818112.1,786,cfca8f7401ebed3ec7fb8280b441d408c0355421701ea99c18884e4ddae32d79
P. palmivora,KR818113.1,774,6e490eb5c08d4eaba18bb08790682a754ef4c5aa43d2e823db9b7bdb9d433cca
P. palmivora,KR818114.1,786,cfca8f7401ebed3ec7fb8280b441d408c0355421701ea99c18884e4ddae32d79
P. palmivora,KR818115.1,786,cfca8f7401ebed3ec7fb8280b441d408c0355421701ea99c18884e4ddae32d79
P. palmivora,KR818116.1,786,cfca8f7401ebed3ec7fb8280b441d408c0355421701ea99c18884e4ddae32d79
P. palmivora,KR818118.1,786,cfca8f7401ebed3ec7fb8280b441d408c0355421701ea99c18884e4ddae32d79
P. palmivora,KR818121.1,786,cfca8f7401ebed3ec7fb8280b441d408c0355421701ea99c18884e4ddae32d79
P. palmivora,KR818123.1,786,cfca8f7401ebed3ec7fb8280b441d408c0355421701ea99c18884e4ddae32d79
P. palmivora,KR818124.1,786,cfca8f7401ebed3ec7fb8280b441d408c0355421701ea99c18884e4ddae32d79
P. palmivora,KR818130.1,787,a9eee47fff9479aaeb9c24abe1d93d2c27c2cc81d7aa1d9ac7043cb59560cc2a
P. palmivora,KR818131.1,787,a9eee47fff9479aaeb9c24abe1d93d2c27c2cc81d7aa1d9ac7043cb59560cc2a
P. palmivora,KR818132.1,786,cfca8f7401ebed3ec7fb8280b441d408c0355421701ea99c18884e4ddae32d79
P. palmivora,KR818133.1,786,cfca8f7401ebed3ec7fb8280b441d408c0355421701ea99c18884e4ddae32d79
P. palmivora,KR818134.1,786,269fb8712233f25ddbdb0009d0762c277c3d32dd93698f496366036d167455a8
P. palmivora,KR818135.1,781,becd705ecc2307394671af04466ac6a87d856d3695d617cd0bf977b460eca7ce
P. palmivora,KR818143.1,786,cfca8f7401ebed3ec7fb8280b441d408c0355421701ea99c18884e4ddae32d79
P. palmivora,KR818146.1,786,3d81c51bc4958d574661efbb79bd18caf894d9f628ca77fb048ffdad25f296aa
P. palmivora,KR818148.1,786,cfca8f7401ebed3ec7fb8280b441d408c0355421701ea99c18884e4ddae32d79
P. palmivora,KR818151.1,786,cfca8f7401ebed3ec7fb8280b441d408c0355421701ea99c18884e4ddae32d79
P. palmivora,KR818152.1,786,cfca8f7401ebed3ec7fb8280b441d408c0355421701ea99c18884e4ddae32d79
P. palmivora,KR818153.1,786,cfca8f7401ebed3ec7fb8280b441d408c0355421701ea99c18884e4ddae32d79
P. palmivora,KR818154.1,786,cfca8f7401ebed3ec7fb8280b441d408c0355421701ea99c18884e4ddae32d79
P. palmivora,KR818156.1,786,cfca8f7401ebed3ec7fb8280b441d408c0355421701ea99c18884e4ddae32d79
P. palmivora,KR818157.1,786,cfca8f7401ebed3ec7fb8280b441d408c0355421701ea99c18884e4ddae32d79
P. palmivora,KR818158.1,786,cfca8f7401ebed3ec7fb8280b441d408c0355421701ea99c18884e4ddae32d79
P. palmivora,KR818159.1,786,cfca8f7401ebed3ec7fb8280b441d408c0355421701ea99c18884e4ddae32d79
P. palmivora,KR818160.1,786,cfca8f7401ebed3ec7fb8280b441d408c0355421701ea99c18884e4ddae32d79
P. palmivora,KR818161.1,786,bb734fee4f9d468b9d5a610c159739c0dd912de3169469591e6cd2eb937ded89
P. palmivora,KR818162.1,786,bb734fee4f9d468b9d5a610c159739c0dd912de3169469591e6cd2eb937ded89
P. palmivora,KR818166.1,785,78ff0a7d73b252d247fb889c00506f821c7539b6878791550266e02bd6c50e4c
P. palmivora,KR818167.1,786,cfca8f7401ebed3ec7fb8280b441d408c0355421701ea99c18884e4ddae32d79
P. palmivora,KR818168.1,786,cfca8f7401ebed3ec7fb8280b441d408c0355421701ea99c18884e4ddae32d79
P. palmivora,KR818169.1,786,cfca8f7401ebed3ec7fb8280b441d408c0355421701ea99c18884e4ddae32d79
P. palmivora,KR818170.1,786,cfca8f7401ebed3ec7fb8280b441d408c0355421701ea99c18884e4ddae32d79
P. palmivora,KR818171.1,786,cfca8f7401ebed3ec7fb8280b441d408c0355421701ea99c18884e4ddae32d79
P. palmivora,KR818172.1,786,cfca8f7401ebed3ec7fb8280b441d408c0355421701ea99c18884e4ddae32d79
P. palmivora,KR818173.1,786,cfca8f7401ebed3ec7fb8280b441d408c0355421701ea99c18884e4ddae32d79
P. palmivora,KR818174.1,786,cfca8f7401ebed3ec7fb8280b441d408c0355421701ea99c18884e4ddae32d79
P. palmivora,KR818175.1,786,cfca8f7401ebed3ec7fb8280b441d408c0355421701ea99c18884e4ddae32d79
P. palmivora,KR818176.1,786,cfca8f7401ebed3ec7fb8280b441d408c0355421701ea99c18884e4ddae32d79
P. palmivora,KR818177.1,786,cfca8f7401ebed3ec7fb8280b441d408c0355421701ea99c18884e4ddae32d79
P. palmivora,KR818178.1,786,cfca8f7401ebed3ec7fb8280b441d408c0355421701ea99c18884e4ddae32d79
P. palmivora,KR818179.1,786,cfca8f7401ebed3ec7fb8280b441d408c0355421701ea99c18884e4ddae32d79
P. palmivora,KR818180.1,786,cfca8f7401ebed3ec7fb8280b441d408c0355421701ea99c18884e4ddae32d79
P. palmivora,KR818181.1,786,cfca8f7401ebed3ec7fb8280b441d408c0355421701ea99c18884e4ddae32d79
P. palmivora,KR818182.1,786,cfca8f7401ebed3ec7fb8280b441d408c0355421701ea99c18884e4ddae32d79
P. palmivora,KR818186.1,786,cfca8f7401ebed3ec7fb8280b441d408c0355421701ea99c18884e4ddae32d79
P. palmivora,KR818194.1,786,98787713143b7b319c49ebb544d2f8c5d80d36a956156f0172e888b6c6467e99
P. palmivora,KR818195.1,792,dea36dd2c8a7050f9c200af943d2e0f874ab6b3051ed1f827cc718d469005288
P. palmivora,KR818196.1,804,a2ef1d14e2374b42f802839509e79f3e97801e0ea5258a4938509ec563e566db
P. palmivora,KR818197.1,784,339177b22054b76e8b9f8e30093865ade97bfb8bc5d4675ac866947d2dbf9974
P. palmivora,KR818198.1,786,cfca8f7401ebed3ec7fb8280b441d408c0355421701ea99c18884e4ddae32d79
P. palmivora,KR818199.1,786,cfca8f7401ebed3ec7fb8280b441d408c0355421701ea99c18884e4ddae32d79
P. palmivora,KR818200.1,786,cfca8f7401ebed3ec7fb8280b441d408c0355421701ea99c18884e4ddae32d79
P. palmivora,KR818202.1,786,cfca8f7401ebed3ec7fb8280b441d408c0355421701ea99c18884e4ddae32d79
P. palmivora,KR818204.1,786,cfca8f7401ebed3ec7fb8280b441d408c0355421701ea99c18884e4ddae32d79
P. palmivora,KR818205.1,786,cfca8f7401ebed3ec7fb8280b441d408c0355421701ea99c18884e4ddae32d79
P. palmivora,KR818207.1,785,d900efb7776d42efb5b9939b72f67d3829c765cd25f41e6a0a6e3c008a19dda5
P. palmivora,KR818208.1,786,cfca8f7401ebed3ec7fb8280b441d408c0355421701ea99c18884e4ddae32d79
P. palmivora,KR920754.2,838,ec0df96851e967711dfcf7c1fd375f0095f52bbffbcae6411d5ab593b0a9c47b
P. palmivora,KR920755.2,608,ddf98d49d550d5243808003be099732decfe1ad4012bc60a801886804a791a7a
P. palmivora,KR920756.2,621,631672e7a245eb4688dac735328f4a67e1da6a7c32c272a1c317cee8a64b56d8
P. palmivora,KR920757.2,824,6c142e2f7255c1ddebc443610be1b6c2d4102b2f7547b21ba951a16fcb4dacb2
P. palmivora,KR920758.2,831,1e3f241bd0c0e5825d59fa76ee5c74f29458333551d2ff50ce4bf67aaa2e7260
P. palmivora,KR920759.3,823,1d7161eb38fdb8d03e25368be1b5a4356706b8edb1e2a3a80ad3daa5d7893ff4
P. palmivora,KR920760.3,817,9545b4adfc256f21571ef95fda25f3503cd7a2b03bc831b8009a43cc6fb005bc
P. palmivora,KR920761.3,806,e4a604c4d7adc54209ce33f9c31ab5df259967d56249513d2842a24c4b4c1cbd
P. palmivora,KR920762.3,608,0c14554848b2a581ccf9040717bf0c63517a8becef20205a7659622be4accc61
P. palmivora,KR920763.3,608,b8261d79f9cd9df753d051bcd66b50950ab23e192876a71a3e3f016da2d6d9bf
P. palmivora,KR920764.3,736,0a4bf68b09856bd1a6be034b6e2a5215f47522c4d11fa8b375c26b74d1e6ab40
P. palmivora,KT004426.1,786,cfca8f7401ebed3ec7fb8280b441d408c0355421701ea99c18884e4ddae32d79
P. palmivora,KT148920.1,832,3bdbe7cfe6c1bfa7d3fb9e23f015fba7da615ab2a6c92d039d24ef32139f04dc
P. palmivora,KT148921.1,832,470ac0e62ea41559efd6ec690836c33b166119dcd6587deacc90d293bbc787bd
P. palmivora,KT148922.1,805,c7cc7cebe1a30c0eb3359a394d95945e3ad6ef82587bc9b465ac55f5db043336
P. palmivora,KT148923.1,831,dc2b07fa1e4d11836526771ebda9247c2aec0bbe2b7734498f35d86f3762c75e
P. palmivora,KT148924.1,833,154c5796cdf229039a4d26918e7d32eb4e5fd54944def50ba59813c55ab60407
P. palmivora,KT148925.1,832,b8a60fac2976410d937238d6919fadfd93d82cb72d8d0e98c3c1ab3e5c7501fe
P. palmivora,KT148926.1,831,b9db334ed3b8111e1ce87120e010dd5e7d375c7e2d0526f295dbd5eed86308a2
P. palmivora,KT148927.1,832,99365280a450e46101965cf5a7e745679e137507342fd2461e15bdf0b79486d8
P. palmivora,KT148928.1,833,2cf4c7cd820d726a2d7737cce36e158f9db86d4199529ec5bcf39a62b0a164a8
P. palmivora,KT148929.1,832,7c9b530a759223d1b4391dd7e6aa1f375ba1dc8bb20cce78787b9fec25ac95e4
P. palmivora,KT148930.1,832,d4c12b8c92359310fa3fe0da0ea1e29492aabe0a550aecc19ff7397c7619d370
P. palmivora,KT148931.1,832,fd74b76346b450409384b95696df708a71f4bb8aa8792527cc2cb6857400edd1
P. palmivora,KT148932.1,419,a9056f2d64b9f672e88765c17a880ef64b98ff66a9662b7247d781ec047fa586
P. palmivora,KT175509.1,915,9d7f72ca38fc367643dbdce03f00a08e7e5b7382feb844626fcc8223a7077e65
P. palmivora,KU170143.1,819,aaf21e330438864abd33ba94fccd3f3145bffa2b9b94261c45e078c09e6b8d12
P. palmivora,KU170144.1,819,aaf21e330438864abd33ba94fccd3f3145bffa2b9b94261c45e078c09e6b8d12
P. palmivora,KU170145.1,819,aaf21e330438864abd33ba94fccd3f3145bffa2b9b94261c45e078c09e6b8d12
P. palmivora,KU172527.1,775,e0b3e885ddcef5bd24716cd6d3f981fd8c79ca52953a3cc30c67ad5df5659c0d
P. palmivora,KU172528.1,337,a84d01f1613e2012f538a6cb5dabd4858ff4044756f04e44abcf3d6e7d76f6bd
P. palmivora,KU172529.1,775,e0b3e885ddcef5bd24716cd6d3f981fd8c79ca52953a3cc30c67ad5df5659c0d
P. palmivora,KU172530.1,793,0d32e768cb34f6ce0e7730f51f8b7552f159820691097eb7afcbb76163eb46ff
P. palmivora,KU172531.1,775,e0b3e885ddcef5bd24716cd6d3f981fd8c79ca52953a3cc30c67ad5df5659c0d
P. palmivora,KU172532.1,775,e0b3e885ddcef5bd24716cd6d3f981fd8c79ca52953a3cc30c67ad5df5659c0d
P. palmivora,KU308387.1,853,8c86669558e218fe3ac3e9bdbf31a57fccab743cf3b1c3ff11d2579982595700
P. palmivora,KU308388.1,871,19ac1394090032be2bbaf52e7d0b6c5143303ab0f1b9de8a54446b856582d18c
P. palmivora,KU308389.1,395,6574deb7431a5e318aaa64cce6257b5556edcff42603a1837b48da2755d1152a
P. palmivora,KU308390.1,858,97d8d15a74f6e7013cb3ef14f6725844ce44dc1fb2dcf9827969743cc8eb43b2
P. palmivora,KU308391.1,862,06c7041caf86f3566c0391260f307f849194aae5d4ccae2ffe0da8c5cdd0ef69
P. palmivora,KU308392.1,869,1dbad69c7b0be83103d927b274fe9bbdaec708c2074fbbb9bf63449cbc83f729
P. palmivora,KU645763.1,786,cfca8f7401ebed3ec7fb8280b441d408c0355421701ea99c18884e4ddae32d79
P. palmivora,KU682577.1,810,6ddaf3ed2585357fa14715e8a09bae26391515d8092722d15d78ffacf2045af1
P. palmivora,KU863552.1,647,abd5f23ff4d5438bc1cbf3c8528d8ddf8957e75e5b8a01da0f84fa264b65a02a
P. palmivora,KU877819.1,786,8b524b37efa317a390ff5d86d4dbf9fa62bb3f71af73df0dd0fe1968e5138db6
P. palmivora,KX251053.1,1262,0cd6ab1f575579e938518b68917a3697d0f2b9bbd535e19d7af580d51fed745b
P. palmivora,KX251060.1,1262,7fecc4af4d860f5c777f46577c89e7cd200c98d3ddf8e3c425853f6622682efb
P. palmivora,KX881552.1,362,8fd32fd11c2cef60f058847b399194badb8889239f23ed1907fbdbdd6f6a9cc0
P. palmivora,KX881553.1,362,b2eb563d5ae2cb0a1922788aa1098c35799990442230cf11598f94d5f57a524a
P. palmivora,KX881554.1,362,4876a0d90fe2b018d25d6231b1536a4d5ad564efcc9b3c1597e0b28cd0a0efce
P. palmivora,KX881559.1,362,1b28012599b912bbb42d9470c1c52ed94fc8c5c2ad1896c707315a69a2b0a990
P. palmivora,KX881570.1,362,fbc329a4b57042c7953d5c11150451455a505d6bc6747663e976051c3887fff7
P. palmivora,KX881571.1,362,3c5c1c9c619c34a0a3e8841dcd844be27a7d97c91a01ef0e64c8e77f0075cd1e
P. palmivora,KX881573.1,362,3c5c1c9c619c34a0a3e8841dcd844be27a7d97c91a01ef0e64c8e77f0075cd1e
P. palmivora,KX881574.1,362,24dbb30150bdd3646a6a7352212e437fb25da5bee29ae3912651e08ed44eea9f
P. palmivora,KX881575.1,362,a93bebc2097bd9e19a9ba470d11147609c21591ad01adc9ba88bcb848d97a00f
P. palmivora,KX881576.1,362,3c5c1c9c619c34a0a3e8841dcd844be27a7d97c91a01ef0e64c8e77f0075cd1e
P. palmivora,KY197718.1,875,3df01b0796def02a0b5752a426ffbb752583f0dd5a4cd3067ed3602eaed8c7b6
P. palmivora,KY197719.1,876,699c43d365e6c8536e8d72eb02116db85067ca36d03b6362b1ab165c50d533d9
P. palmivora,KY197720.1,876,3e558bf41dfab18cd31d8695d17ca67f0c2241e5208a81bed11e4b4421620baa
P. palmivora,KY197721.1,876,7c3125adae1ca0c5a7fe8c3b59531437f51449aa31e7529539b53a6b78db6521
P. palmivora,KY197722.1,876,7c3125adae1ca0c5a7fe8c3b59531437f51449aa31e7529539b53a6b78db6521
P. palmivora,KY197723.1,876,02a60900891fda20cf238c111b35b1427af8d76e5e6492a613a6738b2563ce8d
P. palmivora,KY242491.1,847,471a236c787d7f2df66bca072ebf2ba47e3468a5d28a510a4adc54d28cf7e82e
P. palmivora,KY357520.1,790,97e1971e83cfc08a3325581f72ff51f9de182921e3f415b4f8b8b9c0375edf3d
P. palmivora,KY357521.1,799,8ed1f0e9d663b72eaabcba93b8b87bd86a8bb26b69aee661dec4957bbb933b01
P. palmivora,KY447326.1,879,79955c49c43ad000147ff084d604845b253580751c0868eb867358ccd13a4a50
P. palmivora,KY475615.1,875,0739532d6c00717eb428b4d1c40cacc8713c5d2e397c88251316388e860b1446
P. palmivora,KY475616.1,875,0739532d6c00717eb428b4d1c40cacc8713c5d2e397c88251316388e860b1446
P. palmivora,KY475617.1,875,4f3ab650313a394c38f40066e39db0b83e2f5cde97efbaafe357e9fce3a5891c
P. palmivora,KY475618.1,875,c18f4d52d5263b05039702ea2a36569600a315baf974130c872e0fb32a4a67c8
P. palmivora,KY475619.1,875,0739532d6c00717eb428b4d1c40cacc8713c5d2e397c88251316388e860b1446
P. palmivora,KY475620.1,875,0739532d6c00717eb428b4d1c40cacc8713c5d2e397c88251316388e860b1446
P. palmivora,KY475621.1,875,096ac43a15765f1d0d76934b0a5efb020b505c099bc95f85455a1920d64f087f
P. palmivora,KY475622.1,875,9113086ecca8adda129e56c4de786f86941b5eac5a5df84d0becd2106005a8a5
P. palmivora,KY475623.1,853,3f4d3647183515d910b7557d92efe3dd97c31cb9f6c189096c941bd1735eb6d7
P. palmivora,KY475624.1,875,150af010932fb6fcbbce502851c5747efa2979d30d9b95a0795a424b4e591306
P. palmivora,KY475625.1,875,0739532d6c00717eb428b4d1c40cacc8713c5d2e397c88251316388e860b1446
P. palmivora,KY475626.1,876,7effb8636e753fdce1e154f32fbae57a24754751500cdd91ddd950f7cb60d06b
P. palmivora,KY475627.1,876,f8f272662c6584ed8bb19fa23e7133682278434b93ee23927744cb6517a7cc23
P. palmivora,KY475628.1,876,c4b3460cd796a0ed9472c71e4b216d39ec9e3fe1116e85d1b59c922e57ce0fa1
P. palmivora,KY475629.1,875,cfa23718133ffa68e12439ca994dc2d3c98f8ff3c61f178137de84c6309c5a4e
P. palmivora,KY475630.1,876,7c3125adae1ca0c5a7fe8c3b59531437f51449aa31e7529539b53a6b78db6521
P. palmivora,KY475631.1,875,0739532d6c00717eb428b4d1c40cacc8713c5d2e397c88251316388e860b1446
P. palmivora,KY475632.1,875,0739532d6c00717eb428b4d1c40cacc8713c5d2e397c88251316388e860b1446
P. palmivora,KY475633.1,875,f7e0541eb1ff693b753cf7dcf2e4dfad41ace8e9b4aa338a00c3ecb44eac1f00
P. palmivora,KY475634.1,876,02a60900891fda20cf238c111b35b1427af8d76e5e6492a613a6738b2563ce8d
P. palmivora,KY938844.1,691,65d79f4f8d3fbf624ce4dac355d33b9123f9473fff3a2339e5b5e3179e9eae8f
P. palmivora,KY938846.1,691,d509759e93b8a0ea6a84d64949944534a4868348d6a6e0bdc1680c0cf73fb4ed
P. palmivora,KY938847.1,691,49c6c4f88e7165b3c63df98a9209895d337b5e198849751cb7069f526b46c382
P. palmivora,KY938858.1,692,7d4a478d400889c6eecdb60e3cbfef1276b779f88b41adaaa1c5fa63b5161714
P. palmivora,KY938859.1,692,e6bf79aa03509b83992db47ffdfdad15477c363925602c7d736693f1c549dc12
P. palmivora,L41384.1,827,6747684f16aa19502f882ed59bba72be5457c3e0d790a86a199a93e7ab324c5f
P. palmivora,LC510501.1,831,a9cc420b87ffa668bf4ac465550f7aa9b91aef41bf71a0765e9f0a8e48b36ec9
P. palmivora,LC510502.1,825,bc4e7bed6cfd874c982da24fd69410e50575c0ac2e7b64ba6a8c144d9594507c
P. palmivora,LC510503.1,804,9435e10465e13210198e274ded61c0245fa9d7ae7103c8a8280d13a4671ec4ea
P. palmivora,LC510504.1,820,61e60156c10620df3973fec0c766cc5029a87ad6880db5fc95c92895b3310927
P. palmivora,LC510505.1,819,136fe897c3dea1e6548e2aa13cc5ddc8d789a9e8bc2a3d5e305b366637619991
P. palmivora,LC510506.1,820,5118c959d8d36afbd758593076c2b9d4dcf5370998a66cf5c0885673fdcf9b44
P. palmivora,LC510507.1,828,366b599ee5c7c02c50dbab1e186a284766b17a0aab2bb0b9eb8a2c6764b9f256
P. palmivora,LC510508.1,821,5e8bce9564134f963bf5fba95b789abdba415820a7305f564a459d62957ff411
P. palmivora,LC510509.1,820,213d25d2ec0334ec17ed61b51956a5a3ed0faa26a2baaca04b42a4da375f2679
P. palmivora,LC510510.1,822,c2baf2f9260942937c5074734bf9f7e2a19101bab352ac55f053c377a3ffbd41
P. palmivora,LC510511.1,822,1325afb38ae88b76b4c18bb4b30c6c380bae9e1301302bae495a60696adf507d
P. palmivora,LC510512.1,813,cbe98c27adb9ee8c6cf785111ae8b316eedfab37b6b525a3cf46bf726645bddd
P. palmivora,LC510513.1,824,2293f6367341e0b23ddb909140e73ea22692f1b2fac9833216b2180fbe4cd1d8
P. palmivora,LC510514.1,818,6371fac18c3b22ffcaab0fe15328b35e057d089ad04bec04ad2fd05ec0af8bf2
P. palmivora,LC510515.1,820,94314a3606465b6730461c98b0b3274e3788d4ae37a0224c79a3d5132ccb4b4b
P. palmivora,LC684540.1,867,11d0ae86a390f851a810ca8836c6a2242daf77e0aeb27be976e6ebcb4d06e136
P. palmivora,LC684557.1,867,11d0ae86a390f851a810ca8836c6a2242daf77e0aeb27be976e6ebcb4d06e136
P. palmivora,LC684558.1,867,11d0ae86a390f851a810ca8836c6a2242daf77e0aeb27be976e6ebcb4d06e136
P. palmivora,MF001288.1,748,7ebe417dbe34c7d2f1caf07c29eb223eaa3cf4d323528ac517e27393647d19ca
P. palmivora,MF326895.1,786,cfca8f7401ebed3ec7fb8280b441d408c0355421701ea99c18884e4ddae32d79
P. palmivora,MF370562.1,790,97e1971e83cfc08a3325581f72ff51f9de182921e3f415b4f8b8b9c0375edf3d
P. palmivora,MF370563.1,723,f550b856d84bd1021ddbb5b89ab91d3b1491c1faa289228fd0ef0c90db90b366
P. palmivora,MF370564.1,644,ec818f1ab7311b17de2bc17be5e648ae0744b3dcc1eea9444268d01bb44c1993
P. palmivora,MF370565.1,788,f28e8d8126fa93cdbf36a0885e73c4f0fc2b9474db4f06a3d2d389bb8d8878ae
P. palmivora,MF370566.1,825,dc6cbf73d93785e800b2df93d3a299a4b45faab1dd9343a718f638c2552aa17a
P. palmivora,MF370567.1,780,c4e6aac25c23742b529a831322530c3d61681b27f177282470546dd86673fb1b
P. palmivora,MF370568.1,810,59b98cb48a67db9e3a2649d688745b160978c62cea385ac7d5ff85ad2083efe1
P. palmivora,MF370569.1,810,b949a782703864d9b8f4128b3f978aef6f4fe17720f00c6ce81c5a0c2e6ad534
P. palmivora,MF370570.1,810,42b04789e19fe1ec508561a45721ab77930b7f62393b6ed82a1624ccc6cccbcc
P. palmivora,MF370571.1,810,182942233bc0415996e362ad1ad3b1c183e11378a67383b370d37347420be99e
P. palmivora,MF370572.1,892,5d6855fd91d4cf3eaf29729e0cb576895ceb46642bdce23c827eb929e00cf453
P. palmivora,MF370573.1,845,8a5452aa5f3cace79f93fed42eba019448f52faf6cb87acc676e02960f54bf7a
P. palmivora,MF580968.1,836,f544f20a59537587520d47b1f9965906b9556788106ad19f58afc1ce2a26c1de
P. palmivora,MF992173.1,720,e9b80e65ddeea51ffc9b5571cee94662920ac66ec908c9cd1f0947e5c4a8bfb5
P. palmivora,MG200087.1,771,4474b74b7ea6af5db367b6750c1a1db9911fd93b7fc38c64f5847d486a4716ca
P. palmivora,MG200088.1,781,98172d8a6ef18badc1c5dad86e16f88755f10cf147f6df5a7e6864736ed371b2
P. palmivora,MG200089.1,781,98172d8a6ef18badc1c5dad86e16f88755f10cf147f6df5a7e6864736ed371b2
P. palmivora,MG200090.1,781,b6464b1a1a2a84e8a39920cfa4f6ff17300aee582a51085727d3d5cfbbe3598e
P. palmivora,MG200091.1,781,b6464b1a1a2a84e8a39920cfa4f6ff17300aee582a51085727d3d5cfbbe3598e
P. palmivora,MG200092.1,778,780c541f19dff9f6292cbd5cb4dca879e852536cfb458ff1aa3c72afa8172b44
P. palmivora,MG200093.1,778,780c541f19dff9f6292cbd5cb4dca879e852536cfb458ff1aa3c72afa8172b44
P. palmivora,MG200094.1,778,780c541f19dff9f6292cbd5cb4dca879e852536cfb458ff1aa3c72afa8172b44
P. palmivora,MG200095.1,778,730c0e3c9643d7a66a6fdbdc5c28ad749b522e1dcb123a09e54cc19a4ecb822b
P. palmivora,MG200096.1,806,ab8a3cfed0dc1cb954e8b73f4db254bd6d6eccfb2d4d7c0779b1f3373ddccb1a
P. palmivora,MG200097.1,778,730c0e3c9643d7a66a6fdbdc5c28ad749b522e1dcb123a09e54cc19a4ecb822b
P. palmivora,MG200098.1,778,730c0e3c9643d7a66a6fdbdc5c28ad749b522e1dcb123a09e54cc19a4ecb822b
P. palmivora,MG200099.1,778,730c0e3c9643d7a66a6fdbdc5c28ad749b522e1dcb123a09e54cc19a4ecb822b
P. palmivora,MG200100.1,778,730c0e3c9643d7a66a6fdbdc5c28ad749b522e1dcb123a09e54cc19a4ecb822b
P. palmivora,MG200101.1,778,780c541f19dff9f6292cbd5cb4dca879e852536cfb458ff1aa3c72afa8172b44
P. palmivora,MG200102.1,781,b6464b1a1a2a84e8a39920cfa4f6ff17300aee582a51085727d3d5cfbbe3598e
P. palmivora,MG200103.1,778,730c0e3c9643d7a66a6fdbdc5c28ad749b522e1dcb123a09e54cc19a4ecb822b
P. palmivora,MG200104.1,778,730c0e3c9643d7a66a6fdbdc5c28ad749b522e1dcb123a09e54cc19a4ecb822b
P. palmivora,MG200105.1,774,1bc5bd287566c9dc2446f7133bf45baf8c7a0b36341a61eafc8827ed06b874ac
P. palmivora,MG200106.1,781,98172d8a6ef18badc1c5dad86e16f88755f10cf147f6df5a7e6864736ed371b2
P. palmivora,MG200107.1,778,730c0e3c9643d7a66a6fdbdc5c28ad749b522e1dcb123a09e54cc19a4ecb822b
P. palmivora,MG200108.1,798,444f48792e14f4e838af02603268725b485e2c77c8ea58e3faac5cbd2df19546
P. palmivora,MG200109.1,778,730c0e3c9643d7a66a6fdbdc5c28ad749b522e1dcb123a09e54cc19a4ecb822b
P. palmivora,MG200110.1,781,b6464b1a1a2a84e8a39920cfa4f6ff17300aee582a51085727d3d5cfbbe3598e
P. palmivora,MG200111.1,781,b6464b1a1a2a84e8a39920cfa4f6ff17300aee582a51085727d3d5cfbbe3598e
P. palmivora,MG200112.1,778,780c541f19dff9f6292cbd5cb4dca879e852536cfb458ff1aa3c72afa8172b44
P. palmivora,MG200113.1,773,8f139c6738dc77085644a703b79e712aeb362c0ba078558273a10138d4a50fbf
P. palmivora,MG200114.1,776,9296b9976e9e79477a5436bc761379e4a61729b8f4beaa58676579645720e6a2
P. palmivora,MG200115.1,778,780c541f19dff9f6292cbd5cb4dca879e852536cfb458ff1aa3c72afa8172b44
P. palmivora,MG200116.1,783,530b5b692f848974a7fdef4e050e353720383e51edd7dfb4a6c78705ab3c41ba
P. palmivora,MG200117.1,778,780c541f19dff9f6292cbd5cb4dca879e852536cfb458ff1aa3c72afa8172b44
P. palmivora,MG200118.1,806,e2f4a0a11f27c24b7bb37a9dbc5e05fd5bdafc8e0d8fa00d73ed3edd00541f3a
P. palmivora,MG200119.1,772,a9a7b8e0b88f7033e1e214e692694aed01e4b27583fd7aa294c9b117d119446c
P. palmivora,MG200120.1,774,c4c56b5b487fa66e5fa029f0db15bcafe37efcd7dcf3b486e072f30ade8c0165
P. palmivora,MG200121.1,778,780c541f19dff9f6292cbd5cb4dca879e852536cfb458ff1aa3c72afa8172b44
P. palmivora,MG200122.1,770,e2c3ff28e958e49ce0c2868fa4fe5134571ce49c45086f79a418763166573456
P. palmivora,MG208126.1,822,bde1744f1a590b6199bc3319e5037151789ac60f3c038ad7587438af55546a20
P. palmivora,MG208127.1,822,bde1744f1a590b6199bc3319e5037151789ac60f3c038ad7587438af55546a20
P. palmivora,MG208128.1,822,bde1744f1a590b6199bc3319e5037151789ac60f3c038ad7587438af55546a20
P. palmivora,MG208129.1,822,bde1744f1a590b6199bc3319e5037151789ac60f3c038ad7587438af55546a20
P. palmivora,MG208130.1,822,bde1744f1a590b6199bc3319e5037151789ac60f3c038ad7587438af55546a20
P. palmivora,MG208131.1,822,bde1744f1a590b6199bc3319e5037151789ac60f3c038ad7587438af55546a20
P. palmivora,MG214543.1,786,e7be809bc45c6a4de809e7bec46f2284d3b8f3dcba079ac97abd23834a2fcdff
P. palmivora,MG255148.1,786,e7be809bc45c6a4de809e7bec46f2284d3b8f3dcba079ac97abd23834a2fcdff
P. palmivora,MG434772.1,884,8118ca0c88283e5a385cb016a78b62ec620c2534410f16c767c05b2da9ebd64c
P. palmivora,MG707841.1,665,6bd9b1ab78d13dbbe8b7befddf73344a3731e8a62e6acf85fd295530d0459816
P. palmivora,MG823386.1,777,b8ef0b5fef3e2e132ee7fb4abc9dfc0044f8406d612e16867a9ecca6e4124306
P. palmivora,MG823387.1,786,897efebc851a61909e8ad0fd128bd4a320f9184d7461463035f6debec651dc0f
P. palmivora,MG865559.1,825,1dc9120cda071dfaafe5a247b5e63fb276a60818a76f50a1193c7d7bd6100127
P. palmivora,MG865560.1,800,9b172067b414a60bc47036ccb89263046e31225157cf4b475ddd3d87631e591e
P. palmivora,MG865561.1,826,07ab5b35b1f4ee42a21de39bb3d77608bc0abe152bffd65992f0a83c720acf9b
P. palmivora,MG956799.1,835,1c854e093f796a6dcc778ee838983d6c8a79a8972cbb23786221e23b22bf6235
P. palmivora,MH219823.1,859,77d5dd839eed1a54b807e4c5943937e6e4738526258768e25788650a72c7c962
P. palmivora,MH219824.1,813,67100e1ab92dcef9e9dba2a00545847dd889373224a74dd580b9a196e99cd88d
P. palmivora,MH219826.1,837,837b524db880068a470ffa221846ab1f907cbb8bbd7d0a616868d91752e51707
P. palmivora,MH219829.1,845,3ca9cbed9ea1d4940f0ac0b7e41cb6fd7ea0326913f6f892c46fd0b56a4943d4
P. palmivora,MH219837.1,811,58e308ed04db1ee586475ad943410a373c74177aa7b431794852bdd1f6fce163
P. palmivora,MH219838.1,819,9c9a27ea4ee0ddbc847b2afbf53e2a15f502b19769839f1365d721b21c4dfad8
P. palmivora,MH219839.1,846,7fd97eac8ea0f08322cf5ae395cc8d0b989e79f4759971757636f4d142b33a7a
P. palmivora,MH219844.1,836,07bbe03c1bca4657a49c2e5b2df9fb66fc1d955f1c8fbe1d233dcbfc51beb2c8
P. palmivora,MH219849.1,840,09c21c30bc55ec5ae934fb75a4a53c3dbde2b3f0a1beb1dc79ee9bf9af41a7e5
P. palmivora,MH219851.1,825,11b4b7c78a37af3441ec2d9702dab6b6eec48aadce7ae8af540e998ffee0c586
P. palmivora,MH219852.1,841,f70be76d3f108db735816a692cc9e81bcac02df93d1ca189f79687f2c09a382d
P. palmivora,MH219857.1,841,e7fdd97c0e9b3cac74371d40076d18da146d7453ce5dfb8d84d8a9a6bda05e72
P. palmivora,MH219858.1,825,6035ed9eebd578cdc04a09cd3c15aaae5526b7865e53c23502aabc04dc447a54
P. palmivora,MH219863.1,828,96ad6900d40713074835fa64e13ff2e7d9817b7cf42bfee68019cf7d925f3740
P. palmivora,MH219866.1,845,3ca9cbed9ea1d4940f0ac0b7e41cb6fd7ea0326913f6f892c46fd0b56a4943d4
P. palmivora,MH219867.1,825,11b4b7c78a37af3441ec2d9702dab6b6eec48aadce7ae8af540e998ffee0c586
P. palmivora,MH219868.1,822,eb0727b6d811b594506c1f1fb7c089e17cb5eb8fdf0f5d36eb9fe9aa955bf81f
P. palmivora,MH219876.1,838,e3659e045601135c5d5acb67677649bd835623d8c9ddb628e5df1f9e9b4b70fb
P. palmivora,MH219879.1,840,22ebd27b158e968b34af076a397ded62cbe9adcf49bfdcbe32459cba92990010
P. palmivora,MH219896.1,833,d9c24c4208b5c8bdf0d3afd3cabb334d5e70324ba52d43d3992e823bc7a3ce7c
P. palmivora,MH219904.1,846,0c07dc3a0b6f64ef7b1a2669bb20d25a4c8cf95df335848cb5dfa51020b8e9b5
P. palmivora,MH219908.1,825,02978f7dad67e6b146f94b47bcac2b642dc0257fbd7ebb26145631adfaab84a2
P. palmivora,MH219909.1,823,af3db66fd6cb52f3554916cdbbe310738c88bf4f5da22ab89594278965876ae9
P. palmivora,MH219911.1,832,4e72673152a8a3bfebee77437dc8723f6f9f91dc2fba0372c0f4bd67f145abf4
P. palmivora,MH219915.1,832,15089cfa7a309cc2b02448256a8dd25ed5b8e62b5087df3bf180e81869f3e9a5
P. palmivora,MH219916.1,835,647d24439d031b679d590a3bac4880f9057328acf764815c172fd6a113f5134b
P. palmivora,MH259877.1,1169,69f6b8ecf2d19d731c2ea392746671045ef41ca213222bcdb7d597bdee2c7f7d
P. palmivora,MH319103.1,786,cfca8f7401ebed3ec7fb8280b441d408c0355421701ea99c18884e4ddae32d79
P. palmivora,MH319104.1,786,cfca8f7401ebed3ec7fb8280b441d408c0355421701ea99c18884e4ddae32d79
P. palmivora,MH319105.1,787,8d6b6c29a5f37d6c9f7be48ba1ae489e283896bb7bd955068868b2cdc5638dd5
P. palmivora,MH319106.1,786,cfca8f7401ebed3ec7fb8280b441d408c0355421701ea99c18884e4ddae32d79
P. palmivora,MH319107.1,786,b332a4b0392835fe800d06d774cef6cb7f2a1828b096cce10913e782821e8d41
P. palmivora,MH319108.1,786,cfca8f7401ebed3ec7fb8280b441d408c0355421701ea99c18884e4ddae32d79
P. palmivora,MH319109.1,786,cfca8f7401ebed3ec7fb8280b441d408c0355421701ea99c18884e4ddae32d79
P. palmivora,MH319110.1,786,cfca8f7401ebed3ec7fb8280b441d408c0355421701ea99c18884e4ddae32d79
P. palmivora,MH401198.1,874,13bec3ff36c52716276c277d60f62f1785f45a2bdaa4cf160bb6242370481ae2
P. palmivora,MH401199.1,874,6e30218f8c08407a9da735a4ec198aa35ee989c7465a09302d9c595528f42b4d
P. palmivora,MH401200.1,875,46b072fc02c56d8fc16bffa419ea1a86091589dfe9936b590e924180420430fd
P. palmivora,MH401201.1,874,5a2fd66fd3a33c0b7bc123642ab343d287ada115bfeac09ce73d6ea35b7d8e71
P. palmivora,MH749467.1,632,d8db4dab7b242b6be070b8cbc35c0a8b4b9e6f1e694dc1502df412abb985b219
P. palmivora,MH778536.1,848,7cd1154c899867d94e0de0867140801278cec35d45324e6944c34a6e03197f39
P. palmivora,MH778537.1,610,90661982d95bf189bf67875aba8043a2ae7c1b04e2a2922df052e85997de9848
P. palmivora,MH807778.1,1125,615e843697db3da3411ecc83a4be520c1a53ef92aa7cd76607bfa2926b650c9c
P. palmivora,MH936023.1,705,e70b2cffda13d7769cec1f05b66761685e37d408859fec3b532f32ea1a164bdd
P. palmivora,MK500842.1,846,45aa39b0196c45e8190df4952ce02e13b46a1bd9553bc17c95dfbee7fab78adf
P. palmivora,MK932672.1,364,b1789712251e4aa9e6955d6775c9b3538d5ce0777c9b4c1de5048bfc5f2f5f02
P. palmivora,MK932673.1,364,b1789712251e4aa9e6955d6775c9b3538d5ce0777c9b4c1de5048bfc5f2f5f02
P. palmivora,MN038150.1,801,544cbd929d90b1ad714b2d9c3c45fad02251953aa7e41ddef07da421a00813d0
P. palmivora,MN038153.1,530,efb54ad317f8b839e3f6f3a506d7cdc601b4cc7a072ab829b2298fd1f5b642f4
P. palmivora,MN696999.1,800,8ec48b5665cad2095d9e879aa07af6b0628ce73b2475c17b96dc2503923e6741
P. palmivora,MN698238.1,811,3157692dfad423b55d4682d1ca09b2888fd634f167175ceed03b0c649447abc6
P. palmivora,MN750010.1,804,a5296155b8d5a4425de6bd344d981f020c42b73a2e9b44b54d6f236e756682da
P. palmivora,MN750011.1,797,aa51d1ef3c21a520976e1254eeb31468eaad1dea630fed9b63c0868acffebb74
P. palmivora,MN750012.1,798,43fe309f536ff5267f911b413c24311648a0b16b7d33a54acb8b92c0e741b87d
P. palmivora,MN750013.1,803,89b55ac898b1c94ade76536f96341192e0d9e0385f4ec3a86c4a4a5756a9a300
P. palmivora,MN750014.1,813,4de7c2387d82bc838e39dba7348a1dba9503a1b4343703e5746a9fa8ac59f1a1
P. palmivora,MN750015.1,820,86a4dd17c07e8125981c583807e6b0f679f7911d41038aac4d7dd10e3d625b0b
P. palmivora,MN831449.1,565,868e0dfa1d1ad6bf775f2f08232a8f6206278a999140acbdc8fd05916a15b146
P. palmivora,MN831450.1,566,1992821e3f607a5bff92090196a960be8976ef15b8256d769f10474b6dbc2063
P. palmivora,MN831451.1,509,43a6325bed9de5ab00d7a58e3f713387001823e1970bffc5e6ec291cae71bf0f
P. palmivora,MN831452.1,509,43a6325bed9de5ab00d7a58e3f713387001823e1970bffc5e6ec291cae71bf0f
P. palmivora,MN831453.1,512,314df6362c55c010d92d70c906e731757d952b9257b0b769e753671d81a47803
P. palmivora,MN831454.1,517,5050ea865230a8e0f5d47fb656c0c2a7c87ca537c2d690b8491369b53ac2b991
P. palmivora,MN831455.1,556,a87631de35772181935d9721b109095804d8b77200847da0a749f9d13085f62d
P. palmivora,MN833034.1,841,a20e6988c0786225feb22c8f12d9d9c78a8b740dee7caa3af4b3737abf873d5f
P. palmivora,MT052675.1,880,502b0f7bb39470a74d3b3eb1ada2b5dd9e9c6641b5d5033ee782be9ed4781e49
P. palmivora,MT074267.1,1125,615e843697db3da3411ecc83a4be520c1a53ef92aa7cd76607bfa2926b650c9c
P. palmivora,MT074268.1,1125,615e843697db3da3411ecc83a4be520c1a53ef92aa7cd76607bfa2926b650c9c
P. palmivora,MT074269.1,1125,615e843697db3da3411ecc83a4be520c1a53ef92aa7cd76607bfa2926b650c9c
P. palmivora,MT074270.1,1125,615e843697db3da3411ecc83a4be520c1a53ef92aa7cd76607bfa2926b650c9c
P. palmivora,MT113313.1,810,003099ce4ace40cdcea6fa185e483a139af1906461e4cbfdcff4cb6010fa1e3e
P. palmivora,MT232400.1,786,cfca8f7401ebed3ec7fb8280b441d408c0355421701ea99c18884e4ddae32d79
P. palmivora,MT232401.1,786,cfca8f7401ebed3ec7fb8280b441d408c0355421701ea99c18884e4ddae32d79
P. palmivora,MT232402.1,786,cfca8f7401ebed3ec7fb8280b441d408c0355421701ea99c18884e4ddae32d79
P. palmivora,MT232403.1,786,cfca8f7401ebed3ec7fb8280b441d408c0355421701ea99c18884e4ddae32d79
P. palmivora,MT232404.1,786,cfca8f7401ebed3ec7fb8280b441d408c0355421701ea99c18884e4ddae32d79
P. palmivora,MT232405.1,786,cfca8f7401ebed3ec7fb8280b441d408c0355421701ea99c18884e4ddae32d79
P. palmivora,MT232406.1,786,3d81c51bc4958d574661efbb79bd18caf894d9f628ca77fb048ffdad25f296aa
P. palmivora,MT232407.1,786,3d81c51bc4958d574661efbb79bd18caf894d9f628ca77fb048ffdad25f296aa
P. palmivora,MT350323.1,819,5e1d329644bd17094fa3beac2f61c0b7221bfc5d40abb702dcab20c952119eb8
P. palmivora,MT611227.1,802,f4024e35b170d58526577a4c29b10e4ea8d8a51758928a5b957e8d4947cd0c7f
P. palmivora,MT644188.1,786,cfca8f7401ebed3ec7fb8280b441d408c0355421701ea99c18884e4ddae32d79
P. palmivora,MT754399.1,765,d1e57790c2556bda650ec6b351d9ce8e988bcd88b338af5cc48d4e37a15499a5
P. palmivora,MT754400.1,766,17fa34324e9cc16c23d9496cb2c96e2df0e724eca7f47293049f269802347c8f
P. palmivora,MT754401.1,788,75502c889a7c185311c03dae274a9be97ba6a8941a9aad4ae71aea2eaededf6d
P. palmivora,MT754402.1,789,e7aa3e95701d3107c6d18aaf7f70c2a742f0fcf7dbb736f9f221ee95e49a2c75
P. palmivora,MT754403.1,768,657807e39d64327bdf23a246e929d0d36c4f05ae9f841a3d099a485c4995d894
P. palmivora,MT754404.1,730,4cb1b2619eda8499036710a66c03a95a50c68e872e0916aae88bae7b14d9a32d
P. palmivora,MT754405.1,771,99849b11683f12f6fd5d48932a4b308caf6fb423931bab6af0bc433f8a5214b0
P. palmivora,MT754406.1,775,5f3cddd2fc843cffa3f96580b70c96cfcd8ae4ed58ed4f807bd2e2ebc12599af
P. palmivora,MT754407.1,794,d0402731c4f547240f99edd02ab2462e5347dbef914ef9d86c0ccb5107864f77
P. palmivora,MT754408.1,781,f32147b6ddcf290cdf862818c521e2604954cdf505ac1af567009b7cd46face1
P. palmivora,MT754409.1,764,11fa5c31a495bb02ccfc52e73cc1c452c3207201da8d737303f019103f350133
P. palmivora,MT754410.1,779,5a0c89371c587c165b7b7038b8aee5c55705ac0f4265af22b25e9b356053ac4a
P. palmivora,MT754411.1,772,9bc8fc310052719fc7d61987a2fc3beefd6c9266dad202601a248ef4e7fbed13
P. palmivora,MT754412.1,782,8421a2b6df97074ce180b377393361513d1cf9a5d32a76bb8d7bd64f05c2ad33
P. palmivora,MT754413.1,784,d0af66f0d0571a1c2f53bd6042c53a5f5a05fe60466d4edd3cf7bd33a47fab9d
P. palmivora,MT754414.1,784,d0836162f954ac3bf3f09ddbc1b982827b0d4014830d0fe9ed8670e4ea1f2cf3
P. palmivora,MT754415.1,772,6e5e47a9cebe4e939c5ca98c2ae87d6ecb0303c62d87233b40effc6d86477e4a
P. palmivora,MT754416.1,794,d0402731c4f547240f99edd02ab2462e5347dbef914ef9d86c0ccb5107864f77
P. palmivora,MT754417.1,760,00698533c58a0ff99b1d3d299cbf08de881788c9ea77f0d941af076c51813394
P. palmivora,MT754418.1,783,0048232d71bd1857a6fb3d5fb5eeb2b9bbebfc4382f4ef99457a68b2dd226067
P. palmivora,MT754422.1,758,3190272e82c475fac919ad79b0a89db6ed4f1c4ac390e6d472d25745d14aa335
P. palmivora,MT754423.1,783,7e9e9ed7b8b7bb2c5353a9a3f4f7d3243909fa2319515f7714624b532680aede
P. palmivora,MT754424.1,767,accc735fa1b8f9e239410a451d951118f00cadf6460908005cc882f076584dbe
P. palmivora,MT754425.1,763,b5620a64cbea510c5aaf3fc422be8fedde6f61afc14bc08a82c089db2235a88b
P. palmivora,MT754426.1,757,7d9789f5c3c6be43259d4c68e32138e1b06eaccd88663c35a382b7ff6359410b
P. palmivora,MT754427.1,769,c7f147053b0488444f09a0b76370efd3fd1dbfccb7dfb2e31c9abf18b8c67c40
P. palmivora,MT754428.1,740,5007b991dc1323008b25c67481c7ea781c429707e3f28bc01dfe5d50b1dcc09f
P. palmivora,MT754429.1,764,fdb994c553398335c46efb04059d24506d1c42fff86d98d79f89f43655680f9f
P. palmivora,MT754430.1,765,27507c920fd6c88f403ec1f7477a2d45439e799d6c488f256ad5c2fa3d9c5aa1
P. palmivora,MT754431.1,788,77d96684a26a5d8cd72f0a89ddf250df6dd4ed2c5d46b2378d71c687b5c7285e
P. palmivora,MT754433.1,777,5ed1abafadfa9a4d541cbf0bee996773e71dd563ec04e8e62e3b31723165f0fa
P. palmivora,MT754434.1,782,8421a2b6df97074ce180b377393361513d1cf9a5d32a76bb8d7bd64f05c2ad33
P. palmivora,MT754437.1,780,63e90b0342fd1852946bba4d89a1932bcc23dc859cf8160c33289ffbdff5d72a
P. palmivora,MT754470.1,764,30eaa43848ed5b92089ed5a38658218d0cc456384cc0b673100e2e3a47f42793
P. palmivora,MT754471.1,770,afbc64526bb056aae9a895d2fe5e7fb6240a9dcab433b774ad3f77d33c0457d0
P. palmivora,MT754472.1,769,3b9290cccb68891bd4cfb573dae00662e6b04276656501ac3845e22153c37c0e
P. palmivora,MT754473.1,788,77d96684a26a5d8cd72f0a89ddf250df6dd4ed2c5d46b2378d71c687b5c7285e
P. palmivora,MT754474.1,784,fdad6857d242af7bda458ac1a8456722b7407c7e89b69c776b33862a0f1e78f2
P. palmivora,MT754475.1,765,95b44b9d20988d68f7bd36a40d1d93b901a3026e1917a615f61da4e35b571e51
P. palmivora,MT754476.1,772,e8c3f926a40db90252e8040c7a65ae78aaf5f1ca6840b5f1a5d60764d916b161
P. palmivora,MT754477.1,767,2fdee5b9a1553c051ee1b81a7d9ac4a63e49b08b82a8909aa8828c201767f320
P. palmivora,MT754479.1,786,28266f450d61789f4b7a96e6c55555c377b5a40fc604e2424a606f223744b0a2
P. palmivora,MT754480.1,783,da09b683f382ac02782595e3b809d832cd9dc524c346f50c402f83860776b5a0
P. palmivora,MT754481.1,776,9e17f2c0f25c692380fa71e7996a5413fc67f9f2d47654c6c9025d59fefb61b5
P. palmivora,MT754482.1,782,55459fcdc09b3a4a0a703eeaae3997af9072c878743e6f493664f8fa86ef77ba
P. palmivora,MT754485.1,748,c1679a900b689a066e03ac7b17e15191d4ea4d5ad9742b55d4e056bf96079526
P. palmivora,MT754486.1,768,657807e39d64327bdf23a246e929d0d36c4f05ae9f841a3d099a485c4995d894
P. palmivora,MT754490.1,718,64d66bb4e98710a2307a6845ca65fb932e9fb0989a8aa86072e4fbf1ffa58bd3
P. palmivora,MT754491.1,763,b335c2c5ba04b3b72eb8b34cd8f637b6c25577f0eb68b93ff946999cf99c8045
P. palmivora,MT754493.1,770,5a070cc32f65738ed6667be95281fae3538e226b42aacff21aa8af0effe69f98
P. palmivora,MT754504.1,767,accc735fa1b8f9e239410a451d951118f00cadf6460908005cc882f076584dbe
P. palmivora,MT754510.1,771,7ebe7e8dbbd04a2f3a7eafc4434c27d2a3baff2abd2d320ae195fd810410f7e8
P. palmivora,MT754512.1,786,0ed67d3dd71e94b3fafa48d18610b6acf9217cb1dda26725ab1774bcb829d293
P. palmivora,MT754514.1,786,403a756398ee52784e2c104dfb63522d0f64d4e184bb6b0bc5218f780eed3a37
P. palmivora,MT754517.1,785,cb48e3f2c2f531a8526fc55c03fac46fb73c8e9f7badf26876154c3e3cd34777
P. palmivora,MT754518.1,778,cfd3deff8ec46ac059780551d7941488b9a418a8850d92fc70e0ee5b0b2b9053
P. palmivora,MT754519.1,780,5821b6c3d706701f15013c621cea05e4cff323765265235e919dea07ade44ffd
P. palmivora,MT754520.1,771,abdbe3f43225cca91161d7ed731beb136e0c52c8fc750a1f33ca9537c868e9d6
P. palmivora,MT754521.1,782,8421a2b6df97074ce180b377393361513d1cf9a5d32a76bb8d7bd64f05c2ad33
P. palmivora,MT754522.1,776,187f4a8d471924547b4b1be76e1d73fa217dba0c32f87d9e7f68764e01ac7d93
P. palmivora,MT754523.1,784,5549edaf134f07a23178fa5fbd6128b3e5dcc84a1207d645779a3c7a6e28b5c9
P. palmivora,MT754524.1,783,19d675ca9a816c213e3f3f42c7a5dd395287d5cd1989faff31629bdecdc33bc0
P. palmivora,MT754525.1,775,b19160b442e4157c6809a2427371ca589404ee8f3dd6af134b55c2488fedac43
P. palmivora,MT754526.1,769,01827628c677588e45af5608e645f5a6c073f0af8520be08e3b2b0e3ed863a58
P. palmivora,MT754527.1,754,68f100595af1e13d3557628b9aed5fac3c1b3e6af43a1162d98009e95fa443c8
P. palmivora,MT754528.1,775,6de836375135a1e765faa8b1e0372a068cefbb9bc4a58052b00235fce2090225
P. palmivora,MT754529.1,766,2d29009bc761c40b29d54891fb1b74d30fff5c40e807ae58c86a9de3d5366d3f
P. palmivora,MT754530.1,764,7c9d0f8f9e4c14b6b868d21366db4fb9c4e9bebe38eb591cbff3f7aaf49ef581
P. palmivora,MT754531.1,770,989bfd814782e0566d64868b6ed56e4e98e60e3ab3e78853c4b4cc9023d13e56
P. palmivora,MT754532.1,762,13da8c96b6c2c155661785bfffb2fd90573c8a6c2914fb21b87b4484d9a12441
P. palmivora,MT754533.1,770,989bfd814782e0566d64868b6ed56e4e98e60e3ab3e78853c4b4cc9023d13e56
P. palmivora,MT754536.1,783,da09b683f382ac02782595e3b809d832cd9dc524c346f50c402f83860776b5a0
P. palmivora,MT754537.1,767,accc735fa1b8f9e239410a451d951118f00cadf6460908005cc882f076584dbe
P. palmivora,MT754538.1,783,da09b683f382ac02782595e3b809d832cd9dc524c346f50c402f83860776b5a0
P. palmivora,MT754539.1,755,d9b1e83719c637a27696b64e5808a973ef8cd846d019e389141c36a417b05118
P. palmivora,MT754540.1,788,4ac04fa8fad37f6755e12628a82b6d54fe44bef0a65066644caa13ceb814b354
P. palmivora,MT754541.1,757,708af30cbcf1171e4df076ed17ec04b619d2c071d972926261bf882a39cb2e5a
P. palmivora,MT754542.1,767,accc735fa1b8f9e239410a451d951118f00cadf6460908005cc882f076584dbe
P. palmivora,MT754543.1,774,301a07c64bb48a9d871cb8e00ca2cd1993c8f767016f4ab2a7caef3020b56214
P. palmivora,MT754545.1,739,e78883b6debdcfed47a89a71b52fe426b2e599007a1d6a65974e0175934b254c
P. palmivora,MT816501.1,848,e41af6dec3cc92fd754b34f752cab77a0936086fad22c83aed789673e2141c5f
P. palmivora,MW314330.1,786,c89f6098f7f7a560d36a5c7c59857fa789c0201c72a0c35f279675c28474dbc2
P. palmivora,MW314331.1,766,6f981778c5add530f72c5dcb55788b06b40e2f6472fad629dba08aa21c3539b2
P. palmivora,MW314332.1,785,0e1f1bf3714040b7982a3e36af8a45db4a23ca4284efe1eff89f72e0effc1a72
P. palmivora,MW466774.1,877,371b00b295ebfb70fefc9aaaa499bddefbc9bcf5c328e6af711eeb362aab1126
P. palmivora,MW466775.1,784,ba1a8a5d196607555916a19b1a1af769a3241cf3d8968a0d7b379b4186038de8
P. palmivora,MW466776.1,854,01d1674de18a665cace1dee0f59c3cb8f9c91888a96c1705c39bfcb2ff8dd17e
P. palmivora,MW466777.1,851,fdfc333f1c85133a720f3eff1c425b54f3650006d025a9105f9dd9d0f4bef6c5
P. palmivora,MW466778.1,856,09e959c0f9796cf02a65dee894a156182779352b66cefbf02edf06a9cb8d1d4e
P. palmivora,MW466779.1,885,755f9af1bf0e057abbd4da10ab1f8a79e6a3d1623d9a9b9c2e0753774ec786c6
P. palmivora,MW597331.1,397,7763182fd8422fa72583f6aa2c075ee93f38124d83bda71c9eaea21607adb6e4
P. palmivora,MW597333.1,402,1e50062e5bceefc441d89ad28be6cd1cf159b870914a50e7e095cc520388829e
P. palmivora,MW597336.1,397,9f34bf62ed460a23302ba3dd962e1954a90d250a2bab38bdde219fb2bdfe45e8
P. palmivora,MW959917.1,802,f4024e35b170d58526577a4c29b10e4ea8d8a51758928a5b957e8d4947cd0c7f
P. palmivora,MZ267152.1,692,e825a548ca67ba092356397b0830289acd44f533fa5453e62b0e787318d8ea8c
P. palmivora,MZ267153.1,596,06661d29e2e3a85e7154d7fac892dde2bed8d212bffb0e56c5d1d6b7a03e8403
P. palmivora,MZ267154.1,705,ff23cda1579fb0a52183add2704c15ad6ebfb3e7fa95fb18ebf8c9f19fdcc99f
P. palmivora,MZ267155.1,663,8b473026c25da292f44dbd2387e05f02e0390d1cd3221c7eeb14f00f8643f4db
P. palmivora,MZ267156.1,621,5b16dd44fe96e2b4731e6d54f0cbd6672d10cf0aa5e1467ee3fb4eb6e8f49cec
P. palmivora,MZ267157.1,598,2223d4dfbd80738ceee9566381813ee3ebe67722bc70a6881f528d8429a1f91d
P. palmivora,MZ267158.1,607,0e47c495ffeda7b461636c0b98d431f051227c2945bcf5f03e69ab9dc30dc0ad
P. palmivora,MZ267159.1,773,b4de5540067f884963ea3bb7adc6da9dc2fb29e62e8b3a63b29bfb85cbde508c
P. palmivora,MZ267160.1,798,4e68edf1e940b48c28b516bd532612b4802e65959bfe82bd34925becf02f57b6
P. palmivora,MZ267161.1,795,dde4487bb132660ad0d40c3411e77220abca577db01df84f8e826dd09cdceffd
P. palmivora,MZ267162.1,724,3f0996d66330b15c0858974f24a156e3623c20e6ac156b9dde3d5323ad755b5e
P. palmivora,MZ267163.1,723,c8b0f4bfd0e60cfde1d88ebaf4ea5d64176e546c43433f7d013906192696245a
P. palmivora,MZ267164.1,626,80d8b2d1f62b03b821f3994366501c3ae3f406911371112f521a6bd66053ba7a
P. palmivora,MZ267165.1,675,a6caeaf48059eeeafefa885a74a3ec0535cc31a65ecf64988158b9cdcbacd09f
P. palmivora,MZ267166.1,692,0c9466f97bdbccab646d2a2edd0e07277151561df864c53633948c6bfd857db0
P. palmivora,MZ267167.1,689,d461bca8786632e666cc425701f4b05afb65cefb6297eb940ebab7c30a55d3ef
P. palmivora,MZ267168.1,658,231c31bb6b9d4296b6ff8fc80e8601c60e9e8623921b7bfb8a74b044e7aa0a3e
P. palmivora,MZ267169.1,714,485aa99fe7c778ad8929ac68ddca484eef0c8f56911018be4596c35cd5bb7d4e
P. palmivora,MZ267170.1,784,d4542199c8a299f13f6715e7f7bcea647a0ff0095ddc90f2cf5cde5d73248f74
P. palmivora,MZ267171.1,787,d4d11b628181c53253f348106db839582a73140890d19c5b97d8e9742405b951
P. palmivora,MZ267172.1,803,8e2cc611ba4ac01bf086670b37916fcac781dd3970f42f273eea08de464e64e5
P. palmivora,MZ267173.1,797,f3fe7d5556914692bd957159d661ff2e880c0e8fd950c8c7105884812584d09d
P. palmivora,MZ267174.1,743,1412db194c84dfd6dc416bd286fd25d2bae35f5ffd1072b34a1a2603138762f8
P. palmivora,MZ267175.1,795,9eb6ef0a80117c9efbcc41d78d89fdebdffea35a0703bb8d34b80dcae1d40203
P. palmivora,MZ267176.1,786,1eaac1d53fe6be02cdeab5fd2e2e669024e348541a16b2372c339d03aecb1562
P. palmivora,MZ267177.1,621,4f0e81242fba555493066765a423c9febcc46ac80853dd115eb371c142275a18
P. palmivora,MZ267178.1,568,120fd6341f94c1a0746ff294757544401105b45af3a9688ae1aa4b3c873c1df5
P. palmivora,MZ267179.1,621,cc450bc0e13d1ac9d20079df482f7dba16b1e730b05a3f4d42d47efa3acdf5ac
P. palmivora,MZ267180.1,585,8d9d38dac2270b5e43c9694eedbc104cbd90169c6c1b79980a37a56cce22345f
P. palmivora,MZ267181.1,723,24e02706c38ffec7f106df12011641ee6a2ab5cabeff027b90d574d893968ff1
P. palmivora,MZ267182.1,665,9fc57947a6426fab2c305912cd444258d72c94959beb30ba7f8043aa35386e83
P. palmivora,MZ267183.1,614,0e5fd18d9e4a6aee2ab18da3c2d690ce83698c624fef154c644f3f6ae7b4dd8e
P. palmivora,MZ267184.1,797,f3fe7d5556914692bd957159d661ff2e880c0e8fd950c8c7105884812584d09d
P. palmivora,MZ267185.1,746,1066f79953a812cfc569d1c861866807acbaf8f5ab3b08306f28eb764722bd3b
P. palmivora,MZ267186.1,805,42e0571ab6587ccef7cfc1682cc68200c22eca565601ab0459ae66a7397697ec
P. palmivora,MZ267187.1,797,380ccf6709a69dce56dd3fb0c9fb524c1e348c98ff639ed247649b7dc0ec35b2
P. palmivora,MZ267188.1,773,bc7fd76ab32ed4f81a27c1bd7f856f31099511c38164e917dd70f67858221561
P. palmivora,MZ267189.1,648,b18ee5ceb08832ce374574b0d33896ae93af52d25a074dc86aa4961a44843cb7
P. palmivora,MZ267190.1,662,be0c07617ddfba2d0859c277dffb0d7062c536862b0ecb158d13c5f9f5d4026a
P. palmivora,MZ267191.1,772,48abe0b5f8d5c7a3dfeb98e82e96526b470aa0d8030d0d63d2d0c0ec2ab8e468
P. palmivora,MZ267192.1,746,65d18795ff59d80d5952714e23ce8a69a198a25297b6ccff0bc353ff302f654c
P. palmivora,MZ267193.1,623,2d760a017d708a9c021d2f93bc05a97b50ac2b3c8190bb572bbabb11996d0f10
P. palmivora,MZ267194.1,791,d0236d7972843027c87e08f09bd4e0ade35218e120997ac8c35d311efcffc827
P. palmivora,MZ267195.1,663,5bae5d341feda15a370d26a4037295a5885b5bb450db679d850024dcf1486e60
P. palmivora,MZ267196.1,708,dd14aeebe5ffb9f8c0f8823207d36bda9323c2a3dcfc7cc6137e8abb599ff908
P. palmivora,MZ267197.1,645,f3f447c6979376ac0d07a3951dc6fe44886f1fe01f1bac38b71e7a1173fce1aa
P. palmivora,MZ267198.1,762,f8d3fc2a11d53902859ae17cdf9d6e5d5863b2dfedcffa963f881fd9b2ded012
P. palmivora,MZ267199.1,648,b18ee5ceb08832ce374574b0d33896ae93af52d25a074dc86aa4961a44843cb7
P. palmivora,MZ267200.1,624,351909342e3ecce59cef0efa448b0a8a4fcdb0e400f055cd2bae6d8c8df4764e
P. palmivora,MZ267201.1,795,887c487a8aefc680c321a3f7d8d51929166f8609b3db0a90a35eb8d004e52af4
P. palmivora,MZ267202.1,800,9a8ffc8208d3c695cf2cacdf72fd9c5eb5d22f7f0a55a5f3fc1c086fe8dcaf23
P. palmivora,MZ267203.1,720,9b27a1a9653b02ce332b4c2614a0dbd31739f90d782facfe8d609066069beca8
P. palmivora,MZ267204.1,695,5d66bacb6432b217f5924965fe79d5d201aaf04613f8ce1acd4ff42dc56ed7fe
P. palmivora,MZ267205.1,736,d8c1b4b2b15df888e47abd621f7c23956d8001565e844be701feb14acfe2b5c1
P. palmivora,MZ267206.1,698,1fa61f9826225c44bc6fbe147a386b3153c73b3430e48cc3dc3dd76536095f66
P. palmivora,MZ267207.1,715,47c44f13fd2573293547da319170fc6a392fd7c49c5dba3a3a14cfca7afd7d64
P. palmivora,MZ267208.1,762,47029de20a6d2365afeb22a2246cf3f3ec074779f6ef917f981fe49fdaa01104
P. palmivora,MZ267209.1,795,1d9556294598b128997008568b9de9f62abc33f5376333f4ff52f048ac0fc43b
P. palmivora,MZ267210.1,755,bf1565704b95e7ed355b7ed8f62454613831294244bd40677d0615ce77ffce23
P. palmivora,MZ267211.1,728,0c4601bba421a594a31ec6fc947e16b399103e71d3cd57f67a7adc11e76edc1e
P. palmivora,MZ267212.1,761,850a85bc8db63262efc2aa1aa50a85767a09225ad41995ff606afbd20f2c3345
P. palmivora,MZ267213.1,701,c84afa7a5874d8407f145efa6e44887c88ae8ec642aa293e0370ec418f14bd09
P. palmivora,MZ267214.1,737,ee84ba64b3efb6a6344c9b6fdb1fefaff564ad4d6298f0c56cbae9c33422433d
P. palmivora,MZ267215.1,749,9d715d130d584c28c6e70a500f9cb3a6128951fcf240ac3b62591758b717abaa
P. palmivora,MZ267216.1,803,11cd717c434613f3407a3450fda0016e52b5292f02912fcb50f4a5a22cbe1a5b
P. palmivora,MZ267217.1,800,eab72e236e43cc09bf17b47088c9fe7ccee18a5ea990c43d1a5b355566d58ffb
P. palmivora,MZ267218.1,733,6beaac7534a26fd09707b03a661617d912f286e2df88b3f22206437d2ba487e2
P. palmivora,MZ541892.1,891,c3fc9f04effd734f99465e3bb68b886ef9cfdb82e6659eeae467e783c1bd85fd
P. palmivora,MZ831236.1,540,dab1199d2765349c6dda4bd7e070e3ce783a3cb9c2e13744ba6be516dde4bf8c
P. palmivora,MZ831237.1,759,76d5fba921b073b2c39db7e1c769b7b1519fba89ac149dac4ff43c0ae2026bfd
P. palmivora,MZ831238.1,525,a46588167ea5ba200f5f2aff83d121c60c9eab9a68cbb08394edd3010a11f42a
P. palmivora,MZ831239.1,584,133d381b105f395b038f3647dcf2d637d3ad2acdd4d475dcb52643377f7a8362
P. palmivora,MZ831240.1,851,7ccb07d03698122e5124e291bf52fbae319cfdd3865fc33f66ff5987e636ffb5
P. palmivora,MZ831241.1,606,1b90690dad1518bd64e2544e87dc4410d96825b54ced4d1bffbefeaa62b7472e
P. palmivora,MZ831242.1,557,4eca9ee220c7376e329596da8b23f8d36c0e54da8e57d0dce275b9810746f158
P. palmivora,MZ831243.1,708,689887e6e6e9b1a712e57773a50e5c5eed657aad8ce2c3b658a7566e4207f29f
P. palmivora,MZ831244.1,572,eb5dddc5ab663a9ca997e3ca4cd8d79dbb4a713ad3760014e73861db1e0cd41d
P. palmivora,MZ831245.1,624,d3075f356da0d61277549c08c00fc84c7eee0285a149bed655cf8b90878a6e5e
P. palmivora,MZ831246.1,597,4f2161e6f67b2052f8b176b3799b8d5699d99bdedf91167547be0144b3cdaeaa
P. palmivora,MZ831247.1,480,8ad714305afde892bf2c90b524229a603ee94bad276637224dbdbe2aaac35961
P. palmivora,MZ831248.1,594,bf63cbd68089df40bbb21733d9f995299985d9d155dd2fa1e86c260a299b3253
P. palmivora,MZ831249.1,598,e6b548e7a3f0ce8ac801ea8f7c11f0daf7c105e23380af05b8b147ef75d1ca15
P. palmivora,MZ831250.1,562,8ba88aac9845583679045f925e5b6f72902deb47849eb11831775505f644e274
P. palmivora,MZ831251.1,607,3685891bcac80d883f4ea2456975a632d2a8a51522d7c33bd8d9566f16592931
P. palmivora,MZ831252.1,428,785369e1fb3ff1ab507ec841e97bec9641b0a71083c82de3ecc207e677d722b5
P. palmivora,MZ831253.1,554,0ee0acde5af9e5f757b27a9cc493be57376c214f1e1cab6a3e239f71b30e4304
P. palmivora,MZ831254.1,581,60aaafb29b0393510c6b61309a54f0f216c0bda202563fb88862ca1c2959a656
P. palmivora,MZ831255.1,576,e12d1e37bc0b28d2fbee1647bf296cc5be89af87a46335c5810860e57173cd41
P. palmivora,MZ831256.1,429,c9e8c289c5eee1299d5daf451e82bb1612be249577ceb412ef4de8bb4dedf7f6
P. palmivora,MZ831257.1,583,e601bbee5a5f9221e43e58243c1871fbb67f68b421c382666dc752be726f1ec5
P. palmivora,MZ831258.1,583,6f49cb41d20f9047a746adf88b3e113e7c2b933f7332da8216992cc79dcc64e7
P. palmivora,MZ831259.1,575,0ba900ae9f88f0f6965cf3c23e39edb18e457c09a15c9ba1ac2dd7c60f28f29d
P. palmivora,MZ831260.1,623,6a0606efd8a130606e4fc2c66504edc0be21b195f7ffdeb25a58385f885393f6
P. palmivora,MZ831261.1,448,b4953ba11b9736838564fa3ebb015dffc1d0c2ad8b4752dce65de2326debe0c8
P. palmivora,MZ831262.1,626,370814d5fdbe8aa5ce13f921d592a1be9259fd6da4281bc3ca57c0c8b24a3c87
P. palmivora,MZ831263.1,703,741ec23237d125251ba9eed9ed7119086c0b12bdc038b86cd0a38f19e2de12f5
P. palmivora,MZ831264.1,494,80e7906198858c043f13c041f5fef1ad63e2c5f750d251ecd1d4cda8f082b9e2
P. palmivora,MZ831265.1,622,a97ace15dd41da3571aa815b00151137dce199bda006760a75f7ed415eedbc72
P. palmivora,MZ831266.1,661,eecf353674495c89961e9edfe9a49909d7c3335fb5fdac7e0abb71984fc42e4e
P. palmivora,MZ831267.1,597,4e23fadd61cf6536845ef179aab8cf4947a2efc994da65a0bb55d28abcf5318f
P. palmivora,MZ831269.1,514,37dbf122bc72d7391784f7b7594328d97ac04c63700ab24ab1289d1e79f40c28
P. palmivora,MZ831270.1,572,425f4c515f91f8e64ed5a8daf4557ec67b926bc9621f663672a0d1dbd9811680
P. palmivora,MZ831271.1,589,332bbc879c9b529d6e727bcff64448332861a7f6a61a5b85c184dfb5246c55be
P. palmivora,MZ831272.1,647,830999cd6ed4645e91410409c4acd1f0c887ca7e96fe4c298a76e792408d4b8c
P. palmivora,MZ831273.1,602,0fa29232e11c6a3b8bdb833b5299eaa4446feb9e5e27c5b72644304eed04ba88
P. palmivora,MZ831274.1,577,47558c8ea25401145bb3c6fa5cae2a44bfddb1bc39f1b046fdaafe10ff6290bc
P. palmivora,MZ831275.1,601,b9764fe4f998a5200a9a26938fe4fe685f955a6377c8f8fbb40fa9be78b4daf2
P. palmivora,MZ831276.1,578,3c3d86eaec0093af24fbdcfc24116b39a5f796e459edeb46287e7c5eb7c44b7d
P. palmivora,MZ831277.1,556,7af499de67524e3a4b14a4f6dcf5b6c881881c2c5d9a29441805a509fe7205d4
P. palmivora,MZ831278.1,605,d3b04c31f44fabe0a16a6782dc364a0dc73b126a6e801c844223c96ecec34500
P. palmivora,MZ831279.1,516,7ff9373ad99a13a19ac1449350076de5764ca50efe4cc0b5866e879ba59e21ec
P. palmivora,MZ831280.1,548,2e049fec021dea1df49dc6454b247f8e0b43691b05e212b45f8ab5ded5d75f9c
P. palmivora,MZ831281.1,623,139c50f68d31fcd7f451e1669de76368ab14bf88877963d54a04918df46b9b0a
P. palmivora,MZ831282.1,592,0c7116f74ef73ac9f2788e0cce09d52b6816b429da84d04f869fe331f6cad5e1
P. palmivora,MZ831283.1,591,5b7eba3eb1b5af47cec0462f7d1adf337457b4515b53b41da1be111519fe6d20
P. palmivora,MZ831284.1,589,ee54793e5d81477df1e372e2a2c538cbd7fa8a44c54cc5777c12a06a6d0f0eda
P. palmivora,MZ831285.1,608,7658fe74f58424b138d70acac24829fd057518e8d11f2968f62ee7a156ef4d96
P. palmivora,MZ831286.1,619,391ea01b4a58a3cf1e5414c41d8419ca70a9ddb131a2a767e9bd5a695849cc90
P. palmivora,MZ831287.1,580,28a4ff734dbabad35bd4340ae73315d666c1dc12ed8773f9452f695216062226
P. palmivora,MZ831288.1,581,bc24fafcf21ef7731da758d79dc069d802bcdeb0db52f7b4046024df622f66be
P. palmivora,MZ831289.1,601,15792e8091b4e61784f3745ce0d6a063235383393d85899601ce98d294c716b9
P. palmivora,MZ831290.1,793,6343731179261fa8625ad6932526645d9b242fe2a2114797ee113f4bef1b3367
P. palmivora,MZ922021.1,839,6e9419288c7932bf164cf18385e97a16ee0ce02d030af5c910f4a1d1772fb6b6
P. palmivora,MZ922026.1,841,e26a3e03a3b26e90170e809bcca2acf3d652a9def5f6b6e95b1f0f18b7efa6ff
P. palmivora,NCKW01020420.1,6120,220efbc1f7d6ea675fedec5bd08151bc43ee4458095087af6f27b1e56be44fb2
P. palmivora,OK298398.1,806,49f0ab044a9050f9202c95ee113e9b953c28d6fe6e010127f8d633e2183686ba
P. palmivora,OK349485.1,735,8059460559c83ac32362d6d39a97bfb77d8c90bbbfa6703731bc841424bd7e99
P. palmivora,OK463586.1,781,8c476459b5fca8799e030185dc9e1ddf43081ef0b3466d3fb172d412c28b7b3b
P. palmivora,OK463587.1,741,9d2de6392f7cdf42cdb8fe79517be60755d337716e35e3d937919f2b4dc0081b
P. palmivora,OK463588.1,781,6d46e529755b3847da0554ef8b33057b1128257b55a7cb00f2c62303e55af19d
P. palmivora,OK463600.1,469,825be88f3ee264927d5d008d8d658e2df3df0b0ba6f44cd17f24636bbb89f417
P. palmivora,OK463601.1,761,a83b26e3df5442826b7dc1a71413fae6b40aae11f33eabb75340695d8afaa3c3
P. palmivora,OK463602.1,469,825be88f3ee264927d5d008d8d658e2df3df0b0ba6f44cd17f24636bbb89f417
P. palmivora,OK463603.1,771,503c1f0a54a16672a13e6c675c5c4d2d56709bc21f6fd308081da69b71e227db
P. palmivora,OK463604.1,790,ccfd3948477028b7d624015f0f48f4a94622aabe9ab8175edc9d32ee3d929ed0
P. palmivora,OK463605.1,771,2ca9104dff5d1e5d22e13de2d2942347b956dfd70c6440be09abbe3f54e8d77c
P. palmivora,OK463606.1,469,825be88f3ee264927d5d008d8d658e2df3df0b0ba6f44cd17f24636bbb89f417
P. palmivora,OK463607.1,469,825be88f3ee264927d5d008d8d658e2df3df0b0ba6f44cd17f24636bbb89f417
P. palmivora,OK463608.1,761,55003217b5dfd6820ac3e982f578273ed71d0d9c0ab890e7f42c99a12abb273b
P. palmivora,OK463609.1,781,6d46e529755b3847da0554ef8b33057b1128257b55a7cb00f2c62303e55af19d
P. palmivora,OK463610.1,766,604fb07ffbf944ef54a5129f7d2ffdf0ae197b8f4ff2b87bf216ce564989c821
P. palmivora,OK463611.1,766,604fb07ffbf944ef54a5129f7d2ffdf0ae197b8f4ff2b87bf216ce564989c821
P. palmivora,OK463612.1,766,604fb07ffbf944ef54a5129f7d2ffdf0ae197b8f4ff2b87bf216ce564989c821
P. palmivora,OK463613.1,766,604fb07ffbf944ef54a5129f7d2ffdf0ae197b8f4ff2b87bf216ce564989c821
P. palmivora,OK463614.1,766,604fb07ffbf944ef54a5129f7d2ffdf0ae197b8f4ff2b87bf216ce564989c821
P. palmivora,OK463615.1,766,604fb07ffbf944ef54a5129f7d2ffdf0ae197b8f4ff2b87bf216ce564989c821
P. palmivora,OK463616.1,766,604fb07ffbf944ef54a5129f7d2ffdf0ae197b8f4ff2b87bf216ce564989c821
P. palmivora,OK463617.1,766,604fb07ffbf944ef54a5129f7d2ffdf0ae197b8f4ff2b87bf216ce564989c821
P. palmivora,OK463618.1,766,604fb07ffbf944ef54a5129f7d2ffdf0ae197b8f4ff2b87bf216ce564989c821
P. palmivora,OK463619.1,766,604fb07ffbf944ef54a5129f7d2ffdf0ae197b8f4ff2b87bf216ce564989c821
P. palmivora,OL616293.1,1172,fba4be5eb2ce713e3a08b99ebceecf663fb53ed230848039565cf33eff8421d5
P. palmivora,ON834411.1,858,609324cd4792d509ecc709c75c98c3f6a29c291854c6c49040fbc17caa2a9210
P. palmivora,ON834412.1,858,609324cd4792d509ecc709c75c98c3f6a29c291854c6c49040fbc17caa2a9210
P. palmivora,ON834413.1,858,609324cd4792d509ecc709c75c98c3f6a29c291854c6c49040fbc17caa2a9210
P. palmivora,ON834414.1,858,609324cd4792d509ecc709c75c98c3f6a29c291854c6c49040fbc17caa2a9210
P. palmivora,ON834415.1,858,609324cd4792d509ecc709c75c98c3f6a29c291854c6c49040fbc17caa2a9210
P. palmivora,ON834416.1,858,609324cd4792d509ecc709c75c98c3f6a29c291854c6c49040fbc17caa2a9210
P. palmivora,ON834417.1,858,609324cd4792d509ecc709c75c98c3f6a29c291854c6c49040fbc17caa2a9210
P. palmivora,ON834418.1,858,609324cd4792d509ecc709c75c98c3f6a29c291854c6c49040fbc17caa2a9210
P. palmivora,ON834419.1,858,609324cd4792d509ecc709c75c98c3f6a29c291854c6c49040fbc17caa2a9210
P. palmivora,ON834420.1,858,609324cd4792d509ecc709c75c98c3f6a29c291854c6c49040fbc17caa2a9210
P. palmivora,ON834421.1,858,609324cd4792d509ecc709c75c98c3f6a29c291854c6c49040fbc17caa2a9210
P. palmivora,ON834422.1,851,a4fae012c87a773b306983aa173e617aa0400fe1d36925b304ef0d3000f21a66
P. palmivora,ON834423.1,858,609324cd4792d509ecc709c75c98c3f6a29c291854c6c49040fbc17caa2a9210
P. palmivora,ON834424.1,858,609324cd4792d509ecc709c75c98c3f6a29c291854c6c49040fbc17caa2a9210
P. palmivora,ON834425.1,858,609324cd4792d509ecc709c75c98c3f6a29c291854c6c49040fbc17caa2a9210
P. palmivora,ON834426.1,858,609324cd4792d509ecc709c75c98c3f6a29c291854c6c49040fbc17caa2a9210
P. palmivora,ON834427.1,858,609324cd4792d509ecc709c75c98c3f6a29c291854c6c49040fbc17caa2a9210
P. palmivora,ON834428.1,858,609324cd4792d509ecc709c75c98c3f6a29c291854c6c49040fbc17caa2a9210
P. palmivora,ON834429.1,858,609324cd4792d509ecc709c75c98c3f6a29c291854c6c49040fbc17caa2a9210
P. palmivora,ON834430.1,858,609324cd4792d509ecc709c75c98c3f6a29c291854c6c49040fbc17caa2a9210
P. palmivora,ON834431.1,858,609324cd4792d509ecc709c75c98c3f6a29c291854c6c49040fbc17caa2a9210
P. palmivora,ON834432.1,858,609324cd4792d509ecc709c75c98c3f6a29c291854c6c49040fbc17caa2a9210
P. palmivora,ON834433.1,858,609324cd4792d509ecc709c75c98c3f6a29c291854c6c49040fbc17caa2a9210
P. palmivora,ON834434.1,858,609324cd4792d509ecc709c75c98c3f6a29c291854c6c49040fbc17caa2a9210
P. palmivora,ON834435.1,858,609324cd4792d509ecc709c75c98c3f6a29c291854c6c49040fbc17caa2a9210
P. palmivora,ON834436.1,858,609324cd4792d509ecc709c75c98c3f6a29c291854c6c49040fbc17caa2a9210
P. palmivora,ON834437.1,858,609324cd4792d509ecc709c75c98c3f6a29c291854c6c49040fbc17caa2a9210
P. palmivora,ON834438.1,858,609324cd4792d509ecc709c75c98c3f6a29c291854c6c49040fbc17caa2a9210
P. palmivora,ON834439.1,858,609324cd4792d509ecc709c75c98c3f6a29c291854c6c49040fbc17caa2a9210
P. palmivora,ON834440.1,858,609324cd4792d509ecc709c75c98c3f6a29c291854c6c49040fbc17caa2a9210
P. palmivora,ON834441.1,858,609324cd4792d509ecc709c75c98c3f6a29c291854c6c49040fbc17caa2a9210
P. palmivora,ON834442.1,858,609324cd4792d509ecc709c75c98c3f6a29c291854c6c49040fbc17caa2a9210
P. palmivora,ON834443.1,858,609324cd4792d509ecc709c75c98c3f6a29c291854c6c49040fbc17caa2a9210
P. palmivora,ON834444.1,858,609324cd4792d509ecc709c75c98c3f6a29c291854c6c49040fbc17caa2a9210
P. palmivora,ON834445.1,842,fd3276029a6e2a2a42b5f65c419b1a13eb0f90d7c75dca4036503f2568b3964f
P. palmivora,ON834446.1,858,609324cd4792d509ecc709c75c98c3f6a29c291854c6c49040fbc17caa2a9210
P. palmivora,ON834447.1,858,609324cd4792d509ecc709c75c98c3f6a29c291854c6c49040fbc17caa2a9210
P. palmivora,ON834448.1,858,609324cd4792d509ecc709c75c98c3f6a29c291854c6c49040fbc17caa2a9210
P. palmivora,ON834449.1,858,609324cd4792d509ecc709c75c98c3f6a29c291854c6c49040fbc17caa2a9210
P. palmivora,ON834450.1,858,609324cd4792d509ecc709c75c98c3f6a29c291854c6c49040fbc17caa2a9210
P. palmivora,ON870901.1,778,a6a8cd6e8df3db3e92971b35e86b7d4db3be130cac9693cc92c012e327f7d43a
P. palmivora,OP558551.1,860,77307c39e9604c813ff20b0d01cc44dbe8287438d2fc41a0d3a36ebfe090e51b
P. palmivora,OP558552.1,860,77307c39e9604c813ff20b0d01cc44dbe8287438d2fc41a0d3a36ebfe090e51b
P. palmivora,OP558553.1,860,77307c39e9604c813ff20b0d01cc44dbe8287438d2fc41a0d3a36ebfe090e51b
P. palmivora,OP558554.1,860,77307c39e9604c813ff20b0d01cc44dbe8287438d2fc41a0d3a36ebfe090e51b
P. palmivora,OP558555.1,860,77307c39e9604c813ff20b0d01cc44dbe8287438d2fc41a0d3a36ebfe090e51b
P. palmivora,OP558556.1,860,77307c39e9604c813ff20b0d01cc44dbe8287438d2fc41a0d3a36ebfe090e51b
P. palmivora,OP558557.1,860,77307c39e9604c813ff20b0d01cc44dbe8287438d2fc41a0d3a36ebfe090e51b
P. palmivora,OP558558.1,860,77307c39e9604c813ff20b0d01cc44dbe8287438d2fc41a0d3a36ebfe090e51b
P. palmivora,OP558559.1,860,77307c39e9604c813ff20b0d01cc44dbe8287438d2fc41a0d3a36ebfe090e51b
P. palmivora,OP558560.1,860,77307c39e9604c813ff20b0d01cc44dbe8287438d2fc41a0d3a36ebfe090e51b
P. palmivora,OP558561.1,860,77307c39e9604c813ff20b0d01cc44dbe8287438d2fc41a0d3a36ebfe090e51b
P. palmivora,OP558562.1,860,77307c39e9604c813ff20b0d01cc44dbe8287438d2fc41a0d3a36ebfe090e51b
P. palmivora,OP558563.1,860,77307c39e9604c813ff20b0d01cc44dbe8287438d2fc41a0d3a36ebfe090e51b
P. palmivora,OP558564.1,860,77307c39e9604c813ff20b0d01cc44dbe8287438d2fc41a0d3a36ebfe090e51b
P. palmivora,OP558565.1,860,77307c39e9604c813ff20b0d01cc44dbe8287438d2fc41a0d3a36ebfe090e51b
P. palmivora,OP558566.1,860,77307c39e9604c813ff20b0d01cc44dbe8287438d2fc41a0d3a36ebfe090e51b
P. palmivora,OP558567.1,860,77307c39e9604c813ff20b0d01cc44dbe8287438d2fc41a0d3a36ebfe090e51b
P. palmivora,OP558568.1,860,77307c39e9604c813ff20b0d01cc44dbe8287438d2fc41a0d3a36ebfe090e51b
P. palmivora,OP558569.1,860,e1545e5a12f5195683e0bb0fd3abe4b1ff0bbb51a3ba984464b90fa1173c006e
P. palmivora,OP558570.1,860,8712a400a36cde88b5b127a5a0be6418d68e3efe452a33f8be846374a18a7858
P. palmivora,OP558571.1,860,8712a400a36cde88b5b127a5a0be6418d68e3efe452a33f8be846374a18a7858
P. palmivora,OP647123.1,548,afc51916469d0910936d2f8f0a60f55a6ad9cf6824c3abd67ebe0e8ba4b133dd
P. palmivora,OP647124.1,539,4daf2abe4168ec749e62eec65f945d4b2345dad76df21739681c1d73fe289d12
P. palmivora,OP765505.1,681,e82db86ef950d609a79e2664d9430b168d3a96666bba75e739071270b072ec7c
P. palmivora,OP765506.1,865,1471f7714220dd653db8db03f91346cf1a471fb4e41540bba4f3945ec64e554e
P. palmivora,OQ253531.1,828,69f4a96b2d68e10877870da7321d3346475b7d0100066f4d505544cf174d31e4
P. palmivora,OQ253532.1,828,69f4a96b2d68e10877870da7321d3346475b7d0100066f4d505544cf174d31e4
P. palmivora,OQ341675.1,794,6e691ea98d2e0f9fe1e8f7b0e1efc07dea559c3b0b1dda34f805ec0d79b5c9ef
P. palmivora,OQ341676.1,794,08314fc0cbad69aa84afbe580c39ac121ed16d38046539511374908745377620
P. palmivora,OQ341677.1,794,6e691ea98d2e0f9fe1e8f7b0e1efc07dea559c3b0b1dda34f805ec0d79b5c9ef
P. palmivora,OQ341678.1,793,6f8c519b9aafab21948abf983efa60d524fec2682643cf347c827980cc25464f
P. palmivora,OQ341679.1,793,11444396845ab1b442d03c9ee88b8b472d4e5bd258c87aec35e385c1d0b6800c
P. palmivora,OQ341680.1,794,6e691ea98d2e0f9fe1e8f7b0e1efc07dea559c3b0b1dda34f805ec0d79b5c9ef
P. palmivora,OQ341681.1,794,1f95eab66a5e06f28a80b2012cc5e8ea547eff7671ddc203a4878af502858fff
P. palmivora,OQ341682.1,794,d7da07b32818b5f308485fe33d3543cdb12027d2c12824757c276296af1db150
P. palmivora,OQ341683.1,794,6e691ea98d2e0f9fe1e8f7b0e1efc07dea559c3b0b1dda34f805ec0d79b5c9ef
P. palmivora,OQ341684.1,794,1f95eab66a5e06f28a80b2012cc5e8ea547eff7671ddc203a4878af502858fff
P. palmivora,OQ341685.1,794,6e691ea98d2e0f9fe1e8f7b0e1efc07dea559c3b0b1dda34f805ec0d79b5c9ef
P. palmivora,OQ341686.1,794,454ee19e3f059a5272d0e5e883de3506320e39f1d111e530ba9acbe4296a780b
P. palmivora,OQ341687.1,794,8a56045c69bc9411fe0695c9ede3971ecd46f1c0478a63160db5f411322ff352
P. palmivora,OQ341688.1,794,f5d579b2af649ed35bb6c4e65c800a64486d3dbbc5ed953a20c06e85f423290e
P. palmivora,OQ341689.1,794,1f95eab66a5e06f28a80b2012cc5e8ea547eff7671ddc203a4878af502858fff
P. palmivora,OQ341690.1,794,55257270f8498064088728236e4f568ecfbb5ecec5002f7568afeab3a1497f24
P. palmivora,OQ341691.1,793,6f8c519b9aafab21948abf983efa60d524fec2682643cf347c827980cc25464f
P. palmivora,OQ341692.1,794,f9a425fbc59e020abfba57cc40dbfa72aa2bd6fd1749b6369743d00a5173913b
P. palmivora,OQ341693.1,794,5acf827483ecd41301517c1390b0bf0c7fd220bdd471c94e0a16a3e85c94aa6c
P. palmivora,OQ341694.1,793,11444396845ab1b442d03c9ee88b8b472d4e5bd258c87aec35e385c1d0b6800c
P. palmivora,OQ341695.1,794,1f95eab66a5e06f28a80b2012cc5e8ea547eff7671ddc203a4878af502858fff
P. palmivora,OQ341696.1,794,55257270f8498064088728236e4f568ecfbb5ecec5002f7568afeab3a1497f24
P. palmivora,OQ341697.1,794,1f95eab66a5e06f28a80b2012cc5e8ea547eff7671ddc203a4878af502858fff
P. palmivora,OQ341698.1,794,6e691ea98d2e0f9fe1e8f7b0e1efc07dea559c3b0b1dda34f805ec0d79b5c9ef
P. palmivora,OQ341699.1,794,069cb7b84b509d0f66c00d779949eff0e1540354b5b4e334f8e54ae17d61c0a5
P. palmivora,OQ341700.1,794,1f95eab66a5e06f28a80b2012cc5e8ea547eff7671ddc203a4878af502858fff
P. palmivora,OQ341701.1,803,4e8205931da22e1c2f5bf9b040014f2da219527c535e3ebeb77569658f3b5b69
P. palmivora,OQ341702.1,794,1f95eab66a5e06f28a80b2012cc5e8ea547eff7671ddc203a4878af502858fff
P. palmivora,OQ341703.1,803,4e8205931da22e1c2f5bf9b040014f2da219527c535e3ebeb77569658f3b5b69
P. palmivora,OQ341704.1,794,08314fc0cbad69aa84afbe580c39ac121ed16d38046539511374908745377620
P. palmivora,OQ341705.1,803,3387332e991204fdbed756e52213769017ae3575423caa06f9d24567ff7f03a2
P. palmivora,OQ341706.1,803,3387332e991204fdbed756e52213769017ae3575423caa06f9d24567ff7f03a2
P. palmivora,OQ341707.1,803,3387332e991204fdbed756e52213769017ae3575423caa06f9d24567ff7f03a2
P. palmivora,OQ341708.1,803,3387332e991204fdbed756e52213769017ae3575423caa06f9d24567ff7f03a2
P. palmivora,OQ341709.1,803,4e8205931da22e1c2f5bf9b040014f2da219527c535e3ebeb77569658f3b5b69
P. palmivora,OQ341710.1,803,3387332e991204fdbed756e52213769017ae3575423caa06f9d24567ff7f03a2
P. palmivora,OQ341711.1,803,4e8205931da22e1c2f5bf9b040014f2da219527c535e3ebeb77569658f3b5b69
P. palmivora,OQ341712.1,803,3387332e991204fdbed756e52213769017ae3575423caa06f9d24567ff7f03a2
P. palmivora,OQ341713.1,794,1f95eab66a5e06f28a80b2012cc5e8ea547eff7671ddc203a4878af502858fff
P. palmivora,OQ341714.1,803,4e8205931da22e1c2f5bf9b040014f2da219527c535e3ebeb77569658f3b5b69
P. palmivora,OQ341715.1,794,1f95eab66a5e06f28a80b2012cc5e8ea547eff7671ddc203a4878af502858fff
P. palmivora,OQ341716.1,803,3387332e991204fdbed756e52213769017ae3575423caa06f9d24567ff7f03a2
P. palmivora,OQ341717.1,803,3387332e991204fdbed756e52213769017ae3575423caa06f9d24567ff7f03a2
P. palmivora,OQ341718.1,803,4e8205931da22e1c2f5bf9b040014f2da219527c535e3ebeb77569658f3b5b69
P. palmivora,OQ341719.1,803,4e8205931da22e1c2f5bf9b040014f2da219527c535e3ebeb77569658f3b5b69
P. palmivora,OQ341720.1,803,4e8205931da22e1c2f5bf9b040014f2da219527c535e3ebeb77569658f3b5b69
P. palmivora,OQ341721.1,794,f9a425fbc59e020abfba57cc40dbfa72aa2bd6fd1749b6369743d00a5173913b
P. palmivora,OQ341722.1,794,f9a425fbc59e020abfba57cc40dbfa72aa2bd6fd1749b6369743d00a5173913b
P. palmivora,OQ341723.1,794,b7e220f516d3303b05e635ba6211ef3d53a219b2a5cc66027432794379d2c119
P. palmivora,OQ341724.1,794,6e691ea98d2e0f9fe1e8f7b0e1efc07dea559c3b0b1dda34f805ec0d79b5c9ef
P. palmivora,OQ341725.1,794,f9a425fbc59e020abfba57cc40dbfa72aa2bd6fd1749b6369743d00a5173913b
P. palmivora,OQ341726.1,794,f9a425fbc59e020abfba57cc40dbfa72aa2bd6fd1749b6369743d00a5173913b
P. palmivora,OQ341727.1,794,6e691ea98d2e0f9fe1e8f7b0e1efc07dea559c3b0b1dda34f805ec0d79b5c9ef
P. palmivora,OQ341728.1,794,f9a425fbc59e020abfba57cc40dbfa72aa2bd6fd1749b6369743d00a5173913b
P. palmivora,OQ341729.1,794,1f95eab66a5e06f28a80b2012cc5e8ea547eff7671ddc203a4878af502858fff
P. palmivora,OQ341730.1,794,19a0be6754acbac3d60b58584c50c1e5e328f78158938d567ec9c06852883af7
P. palmivora,OQ341731.1,794,1f95eab66a5e06f28a80b2012cc5e8ea547eff7671ddc203a4878af502858fff
P. palmivora,OQ341732.1,794,c40d7495d35c35046cfcb3a44885bebed6a64f93156c4ca2f6bdd7b39388954a
P. palmivora,OQ341733.1,794,f9a425fbc59e020abfba57cc40dbfa72aa2bd6fd1749b6369743d00a5173913b
P. palmivora,OQ341734.1,794,c40d7495d35c35046cfcb3a44885bebed6a64f93156c4ca2f6bdd7b39388954a
P. palmivora,OQ341735.1,794,f9a425fbc59e020abfba57cc40dbfa72aa2bd6fd1749b6369743d00a5173913b
P. palmivora,OQ341736.1,794,f9a425fbc59e020abfba57cc40dbfa72aa2bd6fd1749b6369743d00a5173913b
P. palmivora,OQ341737.1,794,1f95eab66a5e06f28a80b2012cc5e8ea547eff7671ddc203a4878af502858fff
P. palmivora,OQ341738.1,785,e627864232aa831e70d776ec3ba511442d8739074ea0252113789260d5edbc0c
P. palmivora,OQ341739.1,786,481e20dfb16e18d1326807ac034229dcca7cfbe1adaace75c1011e80542b6476
P. palmivora,OQ341740.1,785,e627864232aa831e70d776ec3ba511442d8739074ea0252113789260d5edbc0c
P. palmivora,OQ341741.1,789,06b256c89671f0441d354cf03b6442c5a8b9ebc668092ef0acacf6edcbbb8a07
P. palmivora,OQ341742.1,789,06b256c89671f0441d354cf03b6442c5a8b9ebc668092ef0acacf6edcbbb8a07
P. palmivora,OQ341743.1,794,1f95eab66a5e06f28a80b2012cc5e8ea547eff7671ddc203a4878af502858fff
P. palmivora,OQ341744.1,794,1f95eab66a5e06f28a80b2012cc5e8ea547eff7671ddc203a4878af502858fff
P. palmivora,OQ341745.1,786,481e20dfb16e18d1326807ac034229dcca7cfbe1adaace75c1011e80542b6476
P. palmivora,OQ341746.1,786,481e20dfb16e18d1326807ac034229dcca7cfbe1adaace75c1011e80542b6476
P. palmivora,OQ341747.1,789,06b256c89671f0441d354cf03b6442c5a8b9ebc668092ef0acacf6edcbbb8a07
P. palmivora,OQ341748.1,786,e240086f5ca184f0a9fa3867db483f4ba0c31bc965a716c9cbe0f5aee5aa179f
P. palmivora,OQ341749.1,794,5ab23c91b8a6029b6f111bcdbc69d7b497fa875b3c0c60a9f6f5d760e602290a
P. palmivora,OQ341750.1,773,045b20f822349127739541ae8535a66003a9e67c41c4067c8ca488eab5de21b5
P. palmivora,OQ341751.1,793,7581a490025d4e0cb08ab299cba034ce35e156274f81dcd645600c552be81ce9
P. palmivora,OQ341752.1,794,157fa167c8a70b63a02f914072d7c02a06a1b177b7d1aaedcc5ed8c18b4d8148
P. palmivora,OQ341753.1,794,1f95eab66a5e06f28a80b2012cc5e8ea547eff7671ddc203a4878af502858fff
P. palmivora,OQ341754.1,794,1f95eab66a5e06f28a80b2012cc5e8ea547eff7671ddc203a4878af502858fff
P. palmivora,OQ341755.1,773,81f7bbc78476d083b5e26e2acb705330c726f6e2158c55de6eeaa3b3345708d2
P. palmivora,OQ341756.1,794,5ab23c91b8a6029b6f111bcdbc69d7b497fa875b3c0c60a9f6f5d760e602290a
P. palmivora,OQ341757.1,793,7581a490025d4e0cb08ab299cba034ce35e156274f81dcd645600c552be81ce9
P. palmivora,OQ341758.1,774,59bfbbf46c7d90ed531903c7f8212efd66fa3f9e20a53ce7dadc07356ea82a36
P. palmivora,OQ341759.1,794,1f95eab66a5e06f28a80b2012cc5e8ea547eff7671ddc203a4878af502858fff
P. palmivora,OQ341760.1,793,efb9a06bce8bb2a121cba2a471be33f8c57286bff77ee10f296e2ccf23aa6088
P. palmivora,OQ341761.1,773,045b20f822349127739541ae8535a66003a9e67c41c4067c8ca488eab5de21b5
P. palmivora,OQ341762.1,793,7581a490025d4e0cb08ab299cba034ce35e156274f81dcd645600c552be81ce9
P. palmivora,OQ341763.1,774,59bfbbf46c7d90ed531903c7f8212efd66fa3f9e20a53ce7dadc07356ea82a36
P. palmivora,OQ341764.1,774,0d09ca51ffe645cf8a1db69a40bdeb052a4ab1874364c959deb188a6045b83a6
P. palmivora,OQ341765.1,795,f50cd7cb47482b1643290a421f70694d74638311849a94de9bfdcd6bc81db66c
P. palmivora,OQ341766.1,776,957c1cd32f75864b9697c5678fefe2a2144bdbaadc67eb79559a540bb69dd87e
P. palmivora,OQ341767.1,795,f50cd7cb47482b1643290a421f70694d74638311849a94de9bfdcd6bc81db66c
P. palmivora,OQ341768.1,774,7ec3561186a39e8234734e02a4deb30c2fda1f20c717b770596af384590a425b
P. palmivora,OQ341769.1,793,efb9a06bce8bb2a121cba2a471be33f8c57286bff77ee10f296e2ccf23aa6088
P. palmivora,OQ341770.1,794,47ad260df1a86b7841a5452fc0f3dc5fbf21f977e87b8778f63fb5eefa35aa3e
P. palmivora,OQ341771.1,773,045b20f822349127739541ae8535a66003a9e67c41c4067c8ca488eab5de21b5
P. palmivora,OQ341772.1,793,df23f6dfa670e9113ea7a7be73c2c753c5b9568594fbe633a594595fd4f29637
P. palmivora,OQ341773.1,793,2be24a1de32ef17e1962c0ae2f0a97fd8350348079192ad6adedc518b45d7d7a
P. palmivora,OQ341774.1,794,1f95eab66a5e06f28a80b2012cc5e8ea547eff7671ddc203a4878af502858fff
P. palmivora,OQ341775.1,795,885cf9873f97d933828514e4b05ac16c6e08b4ac6e269ca2210af02af0676ba1
P. palmivora,OQ341776.1,795,f50cd7cb47482b1643290a421f70694d74638311849a94de9bfdcd6bc81db66c
P. palmivora,OQ341777.1,795,cefbbe69aa4920804134b15ce33f9d321a7eb561a4eb8095f951540253f3da96
P. palmivora,OQ341778.1,789,06b256c89671f0441d354cf03b6442c5a8b9ebc668092ef0acacf6edcbbb8a07
P. palmivora,OQ341779.1,789,7e817dd13d20c862eaa0f5ae1c92b43991c33fc2115d9ff73a2921a9b0648e05
P. palmivora,OQ341780.1,789,7e817dd13d20c862eaa0f5ae1c92b43991c33fc2115d9ff73a2921a9b0648e05
P. palmivora,OQ341781.1,786,e240086f5ca184f0a9fa3867db483f4ba0c31bc965a716c9cbe0f5aee5aa179f
P. palmivora,OQ341782.1,789,af72cd0fbeaf94aade8bc9f38a89744420d690a096728078d162dc31f5188a8a
P. palmivora,OQ341783.1,789,af72cd0fbeaf94aade8bc9f38a89744420d690a096728078d162dc31f5188a8a
P. palmivora,OQ341784.1,789,af72cd0fbeaf94aade8bc9f38a89744420d690a096728078d162dc31f5188a8a
P. palmivora,OQ341785.1,794,44eb5ca362d94f6548e4906ca2c97f5dca7fc5134cd4c94880cc4210acd4536f
P. palmivora,OQ341786.1,794,1f95eab66a5e06f28a80b2012cc5e8ea547eff7671ddc203a4878af502858fff
P. palmivora,OQ341787.1,794,1f95eab66a5e06f28a80b2012cc5e8ea547eff7671ddc203a4878af502858fff
P. palmivora,OQ341788.1,794,44eb5ca362d94f6548e4906ca2c97f5dca7fc5134cd4c94880cc4210acd4536f
P. palmivora,OQ341789.1,793,6f8c519b9aafab21948abf983efa60d524fec2682643cf347c827980cc25464f
P. palmivora,OQ341790.1,794,454ee19e3f059a5272d0e5e883de3506320e39f1d111e530ba9acbe4296a780b
P. palmivora,OQ341791.1,794,454ee19e3f059a5272d0e5e883de3506320e39f1d111e530ba9acbe4296a780b
P. palmivora,OQ341792.1,794,4027cfecf390d38faa2c28ebe0ddc75fb18bee4145ce529013a443a2a22ffbab
P. palmivora,OQ341793.1,795,69a819094ad74315f2e90fdd2993ef7406aba5eba59376455144cbdd94dd7b5e
P. palmivora,OQ341794.1,795,4e92af46ec90f21cfc3e38c5862a0300556a1eff249af1ccadced3d1e95d61e5
P. palmivora,OQ449628.1,857,62ec8f9b9365697a9bbcb67a79c3aa7c99928cffa7dafe423bf6360a5a8286d7
P. palmivora,OQ651224.1,850,6d88750f30efd4579ef2a1eb42a8de9ceb85729c6d5dd9e646f9e217aea89019
P. palmivora,OQ693683.1,1587,6bdac58710b3092137fb0d3acb953abf699b51610c61ee5794bf4fe350bb608e
P. palmivora,OQ832696.1,762,50d0506ffea161ec5efb0f51d44752940cff6ee0fffe7c348a4969b5cec47160
P. palmivora,OQ980243.1,519,071b7b94b007f8f02114c8df6edfa0c6ea4295896c5a4b1ab97085819d0fe478
P. palmivora,OQ998970.1,194,8e1e805cfa4a69889d3bd9e46c9bcffc78b6fb8b795caac3d42a5c1cd7030e3d
P. palmivora,OQ998976.1,409,a31b874fd927d701fad9005863e88d6547d7e078afa411112be2e6d24e8c0eef
P. palmivora,OR001954.1,599,3e11c70c3b2f6d943024056102662d9e1be3c9beeaae3ff77e5bb60f7edd17fb
P. palmivora,OR002047.1,382,21c14d64f373fc8758388efed5646329b0f0e66b2afa2fed9cd76702d0244469
P. palmivora,OR051660.1,853,26742da7aac696a6ee3d5d2653e64b5632c2ccfd93061fb31c5bc8d060504dab
P. palmivora,OR051661.1,851,97e4f66cec6dfebe0bb6b752b80b8942b146812a53632a698b248c097fec4d79
P. palmivora,OR051662.1,853,fa71ca3accae61223882aecf94a7203aa50606f3023fe6de1f6cd0c73bb5f7c1
P. palmivora,OR051663.1,853,fa71ca3accae61223882aecf94a7203aa50606f3023fe6de1f6cd0c73bb5f7c1
P. palmivora,OR051683.1,816,9748ae3ec0bd58551dcb33bd2c39d68b6618ae51fa60a40a591b2892b3b4bfbf
P. palmivora,OR051907.1,849,321b4f06178a19640bb4fc9b1d54d51863fcbb3a7f7c949bfb755f235309d06e
P. palmivora,OR051908.1,850,275a729fc99eafc89ba5ab377bbaa8ace10737fba4a7099a9f412266f0649fe7
P. palmivora,OR051909.1,855,07c8404dc700e0350f712a07bb5df807f8953f392dd215dda482dfbdf56ecde0
P. palmivora,OR051910.1,820,e343e5e1e565147adb66be9a621d614cc74940b8f28046f707723debd09da7ef
P. palmivora,OR051911.1,735,b78f04a8fdf0a031096b1f6c4eedfcf78679d62c4e8e5de625f9633ad06e8770
P. palmivora,OR051912.1,819,5eca06a74a90e798957028660a238e28f931f392c032ed4abb72acc2b48250ff
P. palmivora,OR051913.1,833,e7e69b2e152fee88573170e5733ba6942fe899b3b473486f3e6dd5abb5cd4ac1
P. palmivora,OR051914.1,826,987d9c125dfd107c37e42ca8eb9b261a60393863242ff70441db7a499f9cb154
P. palmivora,OR051915.1,806,0251254dca9e14f5a52e1a052f64b8d0cfffa4e3611e08b759f3ee956e7bdd51
P. palmivora,OR051916.1,849,1d96d4aaccf27a9d1555bc0f576c56382c60a448bb45ebe5f0c4d9d7af6d71cf
P. palmivora,OR051917.1,850,4d085e3f0e581686df7f14186e5e96a2cf508186f8156b0674f9601310258abd
P. palmivora,OR051918.1,824,4a2e32d926c5465c5285b45557dabfdf80cf274ddfe22ed34015f9b74a5a14fa
P. palmivora,OR051919.1,849,1d96d4aaccf27a9d1555bc0f576c56382c60a448bb45ebe5f0c4d9d7af6d71cf
P. palmivora,OR051920.1,823,8300d08277fd8082d5e586663294969a5abcfe40d7780f5a4c3b5abfa7d1b575
P. palmivora,OR051921.1,753,a6aa1b1145420c8768e46d0a2ac02460aebfd4daa5f18edbd410b930178d2112
P. palmivora,OR051922.1,753,cfd5b296d5af8444c879c1a9c5a5d61c1668bfc1e1e76977525d65ecdd0e4169
P. palmivora,OR051923.1,772,e7432f09f94d85f00c3befe1bd84f1b0265be43685b720fbc3589c2ba474d56b
P. palmivora,OR051924.1,852,92be996435ed7ff78566fba6680c74f3c7eee664c39416bbf03292045117230b
P. palmivora,OR052165.1,753,79ac9178343459e6359ac0d056716fc744eade675c4d625a3abdf8d1d9988561
P. palmivora,OR284879.1,840,73b6bb0c6745d88e5a3cb08d1a6526d95db3cfb2c98ad73982fa50e42730b48b
P. palmivora,OR294993.1,786,cfca8f7401ebed3ec7fb8280b441d408c0355421701ea99c18884e4ddae32d79
P. palmivora,OR295004.1,787,1a7a90763630be21ad7e6cf82d5e26325c0556341ac3e4d59a1a3308b3f9a6ac
P. palmivora,OR295005.1,787,e16fa55a2e47d0b23c2ccf583717fcc1d9439ab86f24a28c7e8a3d592aa59c85
P. palmivora,OR295009.1,787,d4ea0cb7663a203fd8c1905fa9b33135535ff801de3d938ebc3b217f48b6fc9a
P. palmivora,OR295010.1,787,db0dee26d3559671bf2aa22d1a97f86d4cb56c1a64d5b51341a65af13ac4fb25
P. palmivora,OR295019.1,786,fc04a41093f49ff4c8480c09692ef6a9b5c1972b80dffe3e132e10bb7d87634b
P. palmivora,OR295056.1,786,fc04a41093f49ff4c8480c09692ef6a9b5c1972b80dffe3e132e10bb7d87634b
P. palmivora,OR427291.1,839,18e59196319f24603411c9c6887862dea4d2588986f037a8e895b1a85023e212
P. palmivora,OR427309.1,841,2d00e8b419eb4f98ea7531c26b8ea12741844d6e26733d3d7940146bfec921be
P. palmivora,OR584133.1,735,bbc5137d2fba501c9c3b900df58a04996cb803403b9bd6179ed09f90691e53c7
P. palmivora,OR655080.1,829,5dc0cebb88a9e3c4113783142087dc80db045f1d0cebf10ea426f08979608170
P. palmivora,OR655081.1,826,e77539b45ae8a691088bb4525cdff55ba9485c82f907f78a264882e09ee5f639
P. palmivora,OR655082.1,816,f53ebb3c861c74fa56068faa6adf3fd657f19c8ab893aec714a7fe236ae76e90
P. palmivora,OR655083.1,814,e84c2865669ce598f08bf1a84be6a6296e4dadd4a684d5d6f726f51e5b13528b
P. palmivora,OR655084.1,813,5d675f9b02ac5b7b6bf2d7e7f1d6a8bd5a1b2bc6721db0308196524e7be2f2a5
P. palmivora,OR655085.1,815,8c6564127c375a9f99b4710edad1d91a1c1fcacaf8625bbb25707fa623b26744
P. palmivora,OR655086.1,815,82b1374dfe13bad03908f75d75056489de6a53cc3ae59e6def433f58d2eaf908
P. palmivora,OR655087.1,819,26da27ea65bd8e7548ceeaef85bdba41142a5e13710e94f42d7d35ec99370e7f
P. palmivora,OR655088.1,826,7003fb6ad0bce9b7af94b8b379879bb6f78184d477b6aa93e53c7c10cf317af6
P. palmivora,OR655089.1,822,01a2fb5a31aa441e9b7d84845383873ed92b7e8951a78736c289dfd31f6224a1
P. palmivora,OR655090.1,816,f0a5de76c3f17a93a5ee28d2008e3c77e64bd822e65cab3e1855881905a2d953
P. palmivora,OR655091.1,816,c89b9c06a34fdfa244643fdf402aef187feb209286f721cbbf0cef46a1b2f3e3
P. palmivora,OR655092.1,812,1751baaa850bfd79708d28bbae558d7f4fd41a53999baf64a656c1ba9a57bbf3
P. palmivora,OR655093.1,819,7a4743e31e52ab037dcad8f5b16d0833f8f840e497d01ea07d74597519d236e1
P. palmivora,OR655094.1,819,7b6c3b4e1a1d4d50b0018fbd52df614531de68fef9a6ddc85778ba55507557d7
P. palmivora,OR655095.1,817,0547f48bd241119324f431e597ac77132fc7435c4f27e0ebd5f11ad43d761f3b
P. palmivora,OR655096.1,818,1dc5d70b36751b6c72aa56bd49d9717ebf811f69ae8432330662f16d5442d0e0
P. palmivora,OR655097.1,822,237e7ab92ade9bcc64abbc56e59b2a8112d0d37981ca96f44d97b697ff2c210e
P. palmivora,OR655098.1,822,db9def7547d02aaf69ed76b0d47c37cac5f06a98b52df420d8013a5f7463c297
P. palmivora,OR655099.1,825,d8b490980493bad46478fea4a002a3bf237fa7ec88a2179fa6f77dbc4aeddacf
P. palmivora,OR655100.1,811,15430c7bad2853a9d2a15c33178e1dd2c7755248194034c9ccbc9014fa125fa8
P. palmivora,OR655101.1,820,2b63284ac7af53d542381522b2efcf6e17d1cb4ea05f1e8ab9786b9514804a11
P. palmivora,OR655102.1,819,4c5c88ccd23a3767b901a2331e2d94497f6cdf10ddde344c878917d4145f7449
P. palmivora,OR669312.1,830,f119f8e2e081f3c36193cdf1e5d8b0b9edebe05dcb16f4e9ad4310260874938b
P. palmivora,OR711107.1,796,c39f29a47f11bfee7448b7ba82188636c238254026a08f441ae18ede7dd2b6f5
P. palmivora,OR731409.1,368,5eab50a2924af74bfc50267b41dfadae799084cb8b2b1dc38121ba7605a4c223
P. palmivora,OR731410.1,368,5eab50a2924af74bfc50267b41dfadae799084cb8b2b1dc38121ba7605a4c223
P. palmivora,OR754361.1,778,cacc23ad136573be6bf5bf2604a351ea4459e774380ff31e167ff01c0771a609
P. palmivora,OR883789.1,987,2fad4f40d31a13dbb23e5be5a9bfd536fe14f3170cba53845e49a698a49b6139
P. palmivora,OR883790.1,1562,f0028e0e4e1f69d67cf22e1764b3919a43321057542ae7c4544b1d6ad2303b57
P. palmivora,OR917912.1,1069,1433f08022211dbfa20697945bc7b4f33acb59f41fb3f9764953021105f1d780
P. palmivora,PP064980.1,821,178320c19dc0c9d2fc2d330ad8f87c854fb0fd24cb7805fd818193d3cb7898f3
P. palmivora,PP064981.1,821,178320c19dc0c9d2fc2d330ad8f87c854fb0fd24cb7805fd818193d3cb7898f3
P. palmivora,PP064982.1,821,178320c19dc0c9d2fc2d330ad8f87c854fb0fd24cb7805fd818193d3cb7898f3
P. palmivora,PP064983.1,821,178320c19dc0c9d2fc2d330ad8f87c854fb0fd24cb7805fd818193d3cb7898f3
P. palmivora,PP064984.1,781,f32147b6ddcf290cdf862818c521e2604954cdf505ac1af567009b7cd46face1
P. palmivora,PP064985.1,821,178320c19dc0c9d2fc2d330ad8f87c854fb0fd24cb7805fd818193d3cb7898f3
P. palmivora,PP064986.1,813,35ba2c8a8f80b3319b914d0c6c070d178dfcd35d0cd98109e3122fe1d92377b5
P. palmivora,PP067963.1,353,8df1e5f31b08787334ecf0075a4b6a98007dd2aa0bceadddf9f09d44c5937191
P. palmivora,PP067964.1,352,b0e78f7bd648dd763f441d03fc11026278b63c7d94e2785a59e0a9972aa53d53
P. palmivora,PP210042.1,840,73b6bb0c6745d88e5a3cb08d1a6526d95db3cfb2c98ad73982fa50e42730b48b
P. palmivora,PP255475.1,719,a3621a62dce884c65ab45cd23f06685d0cb40cfade799c5f0090db72dfc00375
P. palmivora,PP266027.1,840,73b6bb0c6745d88e5a3cb08d1a6526d95db3cfb2c98ad73982fa50e42730b48b
P. palmivora,PP267701.1,735,28ab07228fb88947957c49c6157dfbee0920f6b08b037be8f8dd8eea46e455e0
P. palmivora,PP506722.1,684,66f77abcca8c3ed1e64028183dda66245d5db89302b167c373ad18753e67fbbb
P. palmivora,PP594471.1,812,81ba27938bd61e55ce8c2ec7dd00627b8a070ccd981eeb5e3dcb9df82215a466
P. palmivora,PP594472.1,816,b28e8e1c0e7010f15c32c42e71109722180543de42b8a6c07f463d7ae7c743a2
P. palmivora,PP783490.1,915,998007a0103093a4b6907e4794c9a2d86abbbb0d5d7f4acdc31e3bd906eabc41
P. palmivora,PP783491.1,964,737828905a884f320f763dc50fa01eb6053183f83f7e9dad3c10687bde905b3a
P. palmivora,PP783492.1,981,3b34f59c29121fa6474977ded05abb217cc5118b213ff67fc666ee984a2b5c62
P. palmivora,PP783493.1,961,c93e65262e703c0af761ab5fc84780f29f613437b80aa0b0532856c56ecc62ba
P. palmivora,PP989900.1,845,98d8422eed3c54313b9fd07d7924195c0f27a2327d01083102a611b86ec60414
P. palmivora,PP989902.1,842,dfc9562c11fee68e82e30e3e1d7fc36c79eb36035ce4892f6096efa5d38e3ffa
P. palmivora,PP989904.1,846,982d7b41793a28d64f0f9b1b3e1ead916c4c96250d5c4d3a3752132585141c8a
P. palmivora,PP990718.1,576,bd7cd1a6a1c6ef8fb6e283a15c0758216434161383e5e5cb44bc368f22a05aef
P. palmivora,PP990719.1,575,58216c6abd98ce05aff2339ca66fe4a64b87cb61b436033eb390a3f8c9a170e5
P. palmivora,PQ060229.1,793,847e8774c92ca656e56be607e6c86620b9a8b5e291e33d9dd3c1cddda738ef0c
P. palmivora,PQ060230.1,773,b495dd12a3869a1ea3bf173c177ff97c9395ff6cf33a44c6d87f9e546fd9643f
P. palmivora,PQ069660.1,842,5ac33604d994aa37a0994c9a968735d709668a27662bdc0cf0439f73e007290d
P. palmivora,PQ069661.1,840,e0c95d068e6519678c49896b6423b7dbecdf66b4cb3c64887faf68b852609272
P. palmivora,PQ069662.1,833,a50231df69aff3c1ff56afb496a9bfa1519591b9236de4ada8346eda261c32aa
P. palmivora,PQ069663.1,841,55f9842c12d9513c152513570784a6a38776929a1e5a946b4e0d6b5a91ec0800
P. palmivora,PQ069664.1,837,d8b88c2d6370d50299de0d14fa5e23e5276d86cc19809f8358f4caf6410c8d2c
P. palmivora,PQ069665.1,843,f85d350906d11499c2a3a57992cbef62aaa88bd807aad6a0f9b228240fe8d79c
P. palmivora,PQ069666.1,859,a58fd1b9331ad9e391b81ab9909a781c50ad0c2e9cf3f86e19b772c7122626a3
P. palmivora,PQ069667.1,838,74e5e668cb2f946707219c1d505a46c8778ef483f982c933cd05e4a776c21f4f
P. palmivora,PQ069668.1,834,52e0ae02b8fa914dd9f930327b22327e2463998a9e994777bfa893d5bbf98a39
P. palmivora,PQ069669.1,843,2ea5166025c5d320dec8a6c1261aff4ca395e969dcf601e483c0761f48b54841
P. palmivora,PQ069670.1,841,f9412eff3047a5c624660e55160d45b07c0300390a17948314e7d8be4361df30
P. palmivora,PQ069671.1,842,9634c8ecd368ccc2638c0b5e2f625f8a617b7bbe429faf98868a7566279c1560
P. palmivora,PQ069672.1,858,d201cfa5ee81de3ae46785b23b947a0eb3e2342034654a71cd9aed6cb98bd145
P. palmivora,PQ069673.1,852,bd94c66a6196071672ef166175a516110707b1fd585da04fabb74ec781bcc145
P. palmivora,PQ069674.1,856,dee5f0aa37542bc7715ca70aa3f9e0f8f958f6345ace6c547409c458bf2dfe92
P. palmivora,PQ069675.1,840,79d3ae01dc63df8d9b809784a30689060d6253e1ee0d23f60fc060a2e3eb355b
P. palmivora,PQ069676.1,838,5ed066d56e3e9e861a32103d6667aab875958c58be477bad28033b18d592244b
P. palmivora,PQ069677.1,840,1dc9296262f1e16db45b51fb228e5d5343278145ce14313612465c7d3a577f48
P. palmivora,PQ069678.1,840,2afa7e41a500fdef240faba14036365ffd8f1fe8beebfa946799f7e3c4d0e314
P. palmivora,PQ069679.1,844,7ab56b0844b34976152184a65e0e989f433d1047e9eb87716fed0c427f03a1c2
P. palmivora,PQ069680.1,842,e30ed0e6adb282b4578a0fd200af031e8737e05ccfb3eff4534eabbfdde00c2e
P. palmivora,PQ069681.1,847,ab8d5d444fc4010c3ad76066ed279ca7cc9ca4845170f726d7a2c92cc6ff77cf
P. palmivora,PQ069682.1,841,e3bb59b766ef25c3c3dcba3f10578469d568171fab4bddc5d2938435999d927f
P. palmivora,PQ069683.1,845,a328583cc15b32c650ee455c9f04dad57a7a376fffd102b4b7b946341ec08923
P. palmivora,PQ069684.1,840,39891ad9ac4b5a3afd2c9dc435dd6ba825b00821b6e32b0272902e4ba8a75a94
P. palmivora,PQ069685.1,846,9ac0b8162f29420f8c42b27c90d1977bcc0f5ffbef8028f4c20130f6fb738bdf
P. palmivora,PQ069686.1,842,ed5ab256a9b639c6433f2e58cea69d49b2953a088f0b2a16d40f609485f5b5bf
P. palmivora,PQ069687.1,838,7d3ff2d3b410182225b479056ab58169117a31a4e695306d4f7c0b15a1a2030a
P. palmivora,PQ069688.1,857,b77fdd4a9e813e80a767f9bf451957e9b13b721669f4ba6cd74fe75cfd0781eb
P. palmivora,PQ069689.1,842,1b0f39912005838535043b0e6c7f85c9675c99ac4cfd5e8f0db166a8fceffc02
P. palmivora,PQ069690.1,840,d44c3234a47b3e0ec24289f9517e1ac6710da0d5b65a1cf34dc80f7ae2fb339d
P. palmivora,PQ069691.1,839,4463ce38505b6c2f9cec421f79ee985d759083823073d4efa14b4b179336fc12
P. palmivora,PQ069692.1,839,be61389ee90274c87595d238e596c46bcc95bc3465abd6a066f5ca6f0e9c1829
P. palmivora,PQ069693.1,838,d33cb4bcdd23ba8deab39db6f0ac1adf836c13ef048a37d1b3c12c25d7337a80
P. palmivora,PQ069694.1,843,afaadb2bd25608f69d27cdd4d8f3c455bc47436bc82a8be8a023415ff5c87ced
P. palmivora,PQ069695.1,845,a99c49491600df85730ab068950d2805e5414a724a363269d8caf82d60d99955
P. palmivora,PQ069696.1,841,215f23f4f624ffca81ea52a58dce74cd76f618f74bf5b0764c91945df2069709
P. palmivora,PQ069697.1,845,6a0587de82788b8028f7f3838b1d4ab9cbf8be8c9a168d2fa3b0613b37949285
P. palmivora,PQ069698.1,842,731a967f45c259f7f83fd4e080eb76071a84506c50e3dfa9d763ff4ad904e8e2
P. palmivora,PQ135179.1,786,cfca8f7401ebed3ec7fb8280b441d408c0355421701ea99c18884e4ddae32d79
P. palmivora,PQ135180.1,786,cfca8f7401ebed3ec7fb8280b441d408c0355421701ea99c18884e4ddae32d79
P. palmivora,PQ163867.1,778,34e10fd6c2b0c2e705e8e28a426594fcf25b11e499abbc6d57dc542df94a0fc7
P. palmivora,PQ203303.1,702,a9c165a8f4c8a1cb129e61c352aad4081c23765e7d2f197553e61b17ed9209ab
P. palmivora,PQ203306.1,723,4c7b4f560598ffc36618c9d2727ee5bb0890badd96bee3eae200e3530378b5ec
P. palmivora,PQ206311.1,723,4c7b4f560598ffc36618c9d2727ee5bb0890badd96bee3eae200e3530378b5ec
P. palmivora,PQ206312.1,723,4c7b4f560598ffc36618c9d2727ee5bb0890badd96bee3eae200e3530378b5ec
P. palmivora,PQ282500.1,787,d4ea0cb7663a203fd8c1905fa9b33135535ff801de3d938ebc3b217f48b6fc9a
P. palmivora,PQ282501.1,787,d4ea0cb7663a203fd8c1905fa9b33135535ff801de3d938ebc3b217f48b6fc9a
P. palmivora,PQ351259.1,764,85c02951d2e5e477f6362dec9ec2ee86a4cb2929efc818506fbd964379dc47df
P. palmivora,PQ351260.1,858,0e69e32f6ec845f562bf4d2491b0399c4f274a9514d3319ac50066363d0c4b46
P. palmivora,PQ614906.1,645,8c59c8bc69addc06af4e02cf05fd636053c1630edca49571464f55342fe8a020
P. palmivora,PQ615098.1,648,96390bf2d36cafc758afc2c9be3eb42f218a105dce3b21c00474b26cbcfb9173
P. palmivora,PQ804159.1,774,a32e50a7a1bc8cef39c82ab934d7a4d65bbcc31d7a226b42377c7345b35c09a0
P. palmivora,PQ869733.1,761,c4f1bfff1ef402cf8a73d665099e9e8c2bded8c2e3e9d7a8215e69e8112450e4
P. palmivora,PQ932531.1,589,2239e6a00b223f1b5ed838774ffcd87102e8083e7a1e0b05b6f7a97ba333ea4e
P. palmivora,PQ932532.1,589,2239e6a00b223f1b5ed838774ffcd87102e8083e7a1e0b05b6f7a97ba333ea4e
P. palmivora,PQ932533.1,589,2239e6a00b223f1b5ed838774ffcd87102e8083e7a1e0b05b6f7a97ba333ea4e
P. palmivora,PQ932534.1,589,2239e6a00b223f1b5ed838774ffcd87102e8083e7a1e0b05b6f7a97ba333ea4e
P. palmivora,PQ932535.1,589,2239e6a00b223f1b5ed838774ffcd87102e8083e7a1e0b05b6f7a97ba333ea4e
P. palmivora,PQ932536.1,589,2239e6a00b223f1b5ed838774ffcd87102e8083e7a1e0b05b6f7a97ba333ea4e
P. palmivora,PQ932537.1,589,2239e6a00b223f1b5ed838774ffcd87102e8083e7a1e0b05b6f7a97ba333ea4e
P. palmivora,PQ932538.1,589,2239e6a00b223f1b5ed838774ffcd87102e8083e7a1e0b05b6f7a97ba333ea4e
P. palmivora,PQ932539.1,589,2239e6a00b223f1b5ed838774ffcd87102e8083e7a1e0b05b6f7a97ba333ea4e
P. palmivora,PQ932540.1,589,2239e6a00b223f1b5ed838774ffcd87102e8083e7a1e0b05b6f7a97ba333ea4e
P. palmivora,PQ932541.1,589,2239e6a00b223f1b5ed838774ffcd87102e8083e7a1e0b05b6f7a97ba333ea4e
P. palmivora,PQ932542.1,589,2239e6a00b223f1b5ed838774ffcd87102e8083e7a1e0b05b6f7a97ba333ea4e
P. palmivora,PQ932543.1,589,2239e6a00b223f1b5ed838774ffcd87102e8083e7a1e0b05b6f7a97ba333ea4e
P. palmivora,PQ932544.1,589,2239e6a00b223f1b5ed838774ffcd87102e8083e7a1e0b05b6f7a97ba333ea4e
P. palmivora,PQ932545.1,589,2239e6a00b223f1b5ed838774ffcd87102e8083e7a1e0b05b6f7a97ba333ea4e
P. palmivora,PQ932546.1,589,2239e6a00b223f1b5ed838774ffcd87102e8083e7a1e0b05b6f7a97ba333ea4e
P. palmivora,PV639016.1,774,90ac1c03fc3637595f31629118cdecd5096c03152904896b1705da5f801721f3
P. palmivora,PV639017.1,792,64e6d13f7b06f06385b8cba3859da09013e120699ae9f5a180c503cdef0c4eb6
P. palmivora,PV776014.1,848,4cff66b6390c50fc6bbbb7f52165663bbbf38fe4d6e41132d717bfc79ddf8280
P. palmivora,PV777968.1,751,df73747031182a33a28b32cc2cb20ca6d59cb13958b5812ff0a55a97db9f8a4f
P. palmivora,PV777969.1,890,0e4c66bc00032ce8e83bc6799d189e26c8663462a1770b749def428b39032314
P. palmivora,PV931425.1,786,0a02120dfd2e55ab79d807c607f286d987a5f5d262446ccadf0b059275a13ee7
P. palmivora,PV931426.1,786,0a02120dfd2e55ab79d807c607f286d987a5f5d262446ccadf0b059275a13ee7
P. palmivora,PV931427.1,786,0a02120dfd2e55ab79d807c607f286d987a5f5d262446ccadf0b059275a13ee7
P. palmivora,PX446356.1,784,d1c0d8ef46832237b3113944aae6810a3b79dd6e8fb7c731ff451153dac1c8f4
P. palmivora,PX548349.1,794,27c4ffdc3b916180ec0cdf522fe9452522f16dcc65fc2bf9adb8e5d76abc7dab
P. palmivora,PX567903.1,846,45aa39b0196c45e8190df4952ce02e13b46a1bd9553bc17c95dfbee7fab78adf
P. palmivora,PX567904.1,847,974e591bf0f609824506d4b45a7ef6f84af96339504e83b2e164e7c8157490b4
P. palmivora,PX682727.1,850,4e23ad260312646672ae6d37434a40ef62e6b1a757337cf21b7b79b29a0527e2
P. palmivora,PX682745.1,557,3b9638fa86208427e4e0c077c668ec8651c2ae88c031272fec42c15e6e535c86
P. palmivora,PX688158.1,800,2893c74c24f0cb56f1c3397f72b6e4e21d87430a0fe842d45523c8dfc8e81e3c
P. palmivora,PX736397.1,535,ff707385094c45efd70c4b05aecd7bc1ce61e50f8297fa7405f27ba5d90a8ad6
P. palmivora,PX931529.1,790,9bb343f8e7cf7bcf685e0ea5f71f6ac4d76479d3634931aac2f7cd418e5116d5
P. palmivora,PZ413504.1,721,da29216c1da2027b1fa76233468a5cca31168e0a7dcd9196dead768fed730a1a
P. palmivora,PZ413505.1,742,fb0b9a7abba6fd0eb11ad4b12de78e4c8dd5aacea4df0bc950f6f8b9431fa746
P. palmivora,PZ413506.1,719,d257c2b28de6b995d985942b6e87cdb19e2c6260ad60f112944010ea6c4e4e66
